session_id,timestamp,source,campaign,event_type
SES-100000,2026-10-03T10:00:00,Meta,CAMP-001,Landing Page
SES-100000,2026-10-03T10:01:00,Meta,CAMP-001,Product View
SES-100001,2026-10-03T10:00:00,Meta,CAMP-001,Landing Page
SES-100002,2026-10-03T10:00:00,Meta,CAMP-001,Landing Page
SES-100003,2026-10-03T10:00:00,Meta,CAMP-001,Landing Page
SES-100003,2026-10-03T10:01:00,Meta,CAMP-001,Product View
SES-100004,2026-10-03T10:00:00,Meta,CAMP-001,Landing Page
SES-100005,2026-10-03T10:00:00,Meta,CAMP-001,Landing Page
SES-100005,2026-10-03T10:01:00,Meta,CAMP-001,Product View
SES-100006,2026-10-03T10:00:00,Meta,CAMP-001,Landing Page
SES-100006,2026-10-03T10:01:00,Meta,CAMP-001,Product View
SES-100007,2026-10-03T10:00:00,Meta,CAMP-001,Landing Page
SES-100008,2026-10-03T10:00:00,Meta,CAMP-001,Landing Page
SES-100008,2026-10-03T10:01:00,Meta,CAMP-001,Product View
SES-100009,2026-10-03T10:00:00,Meta,CAMP-001,Landing Page
SES-100009,2026-10-03T10:01:00,Meta,CAMP-001,Product View
SES-100010,2026-10-03T10:00:00,Meta,CAMP-001,Landing Page
SES-100011,2026-10-03T10:00:00,Meta,CAMP-001,Landing Page
SES-100012,2026-10-03T10:00:00,Meta,CAMP-001,Landing Page
SES-100013,2026-10-03T10:00:00,Meta,CAMP-001,Landing Page
SES-100013,2026-10-03T10:01:00,Meta,CAMP-001,Product View
SES-100013,2026-10-03T10:03:00,Meta,CAMP-001,Add to Cart
SES-100014,2026-10-03T10:00:00,Meta,CAMP-001,Landing Page
SES-100014,2026-10-03T10:01:00,Meta,CAMP-001,Product View
SES-100015,2026-10-03T10:00:00,Meta,CAMP-001,Landing Page
SES-100015,2026-10-03T10:01:00,Meta,CAMP-001,Product View
SES-100016,2026-10-03T10:00:00,Meta,CAMP-001,Landing Page
SES-100016,2026-10-03T10:01:00,Meta,CAMP-001,Product View
SES-100017,2026-10-03T10:00:00,Meta,CAMP-001,Landing Page
SES-100018,2026-10-03T10:00:00,Meta,CAMP-001,Landing Page
SES-100018,2026-10-03T10:01:00,Meta,CAMP-001,Product View
SES-100019,2026-10-03T10:00:00,Meta,CAMP-001,Landing Page
SES-100020,2026-10-03T10:00:00,Meta,CAMP-001,Landing Page
SES-100021,2026-10-03T10:00:00,Meta,CAMP-001,Landing Page
SES-100021,2026-10-03T10:01:00,Meta,CAMP-001,Product View
SES-100022,2026-10-03T10:00:00,Meta,CAMP-001,Landing Page
SES-100022,2026-10-03T10:01:00,Meta,CAMP-001,Product View
SES-100023,2026-10-03T10:00:00,Meta,CAMP-001,Landing Page
SES-100024,2026-10-03T10:00:00,Meta,CAMP-001,Landing Page
SES-100024,2026-10-03T10:01:00,Meta,CAMP-001,Product View
SES-100025,2026-10-03T10:00:00,Meta,CAMP-001,Landing Page
SES-100026,2026-10-03T10:00:00,Meta,CAMP-001,Landing Page
SES-100027,2026-10-03T10:00:00,Meta,CAMP-001,Landing Page
SES-100027,2026-10-03T10:01:00,Meta,CAMP-001,Product View
SES-100028,2026-10-03T10:00:00,Meta,CAMP-001,Landing Page
SES-100028,2026-10-03T10:01:00,Meta,CAMP-001,Product View
SES-100029,2026-10-03T10:00:00,Meta,CAMP-001,Landing Page
SES-100030,2026-10-03T10:00:00,Meta,CAMP-001,Landing Page
SES-100030,2026-10-03T10:01:00,Meta,CAMP-001,Product View
SES-100031,2026-10-03T10:00:00,Meta,CAMP-001,Landing Page
SES-100032,2026-10-03T10:00:00,Meta,CAMP-001,Landing Page
SES-100033,2026-10-03T10:00:00,Meta,CAMP-001,Landing Page
SES-100033,2026-10-03T10:01:00,Meta,CAMP-001,Product View
SES-100034,2026-10-03T10:00:00,Meta,CAMP-001,Landing Page
SES-100034,2026-10-03T10:01:00,Meta,CAMP-001,Product View
SES-100035,2026-10-03T10:00:00,Meta,CAMP-001,Landing Page
SES-100035,2026-10-03T10:01:00,Meta,CAMP-001,Product View
SES-100036,2026-10-03T10:00:00,Meta,CAMP-001,Landing Page
SES-100037,2026-10-03T10:00:00,Meta,CAMP-001,Landing Page
SES-100038,2026-10-03T10:00:00,Meta,CAMP-001,Landing Page
SES-100038,2026-10-03T10:01:00,Meta,CAMP-001,Product View
SES-100039,2026-10-03T10:00:00,Meta,CAMP-001,Landing Page
SES-100039,2026-10-03T10:01:00,Meta,CAMP-001,Product View
SES-100040,2026-10-03T10:00:00,Meta,CAMP-001,Landing Page
SES-100040,2026-10-03T10:01:00,Meta,CAMP-001,Product View
SES-100040,2026-10-03T10:03:00,Meta,CAMP-001,Add to Cart
SES-100041,2026-10-03T10:00:00,Meta,CAMP-001,Landing Page
SES-100041,2026-10-03T10:01:00,Meta,CAMP-001,Product View
SES-100041,2026-10-03T10:03:00,Meta,CAMP-001,Add to Cart
SES-100042,2026-10-03T10:00:00,Meta,CAMP-001,Landing Page
SES-100043,2026-10-03T10:00:00,Meta,CAMP-001,Landing Page
SES-100044,2026-10-03T10:00:00,Meta,CAMP-001,Landing Page
SES-100044,2026-10-03T10:01:00,Meta,CAMP-001,Product View
SES-100044,2026-10-03T10:03:00,Meta,CAMP-001,Add to Cart
SES-100044,2026-10-03T10:05:00,Meta,CAMP-001,Purchase
SES-100045,2026-10-03T10:00:00,Meta,CAMP-001,Landing Page
SES-100046,2026-10-03T10:00:00,Meta,CAMP-001,Landing Page
SES-100047,2026-10-03T10:00:00,Meta,CAMP-001,Landing Page
SES-100048,2026-10-03T10:00:00,Meta,CAMP-001,Landing Page
SES-100049,2026-10-03T10:00:00,Meta,CAMP-001,Landing Page
SES-100050,2026-10-04T10:00:00,Meta,CAMP-001,Landing Page
SES-100051,2026-10-04T10:00:00,Meta,CAMP-001,Landing Page
SES-100051,2026-10-04T10:01:00,Meta,CAMP-001,Product View
SES-100051,2026-10-04T10:03:00,Meta,CAMP-001,Add to Cart
SES-100051,2026-10-04T10:05:00,Meta,CAMP-001,Purchase
SES-100052,2026-10-04T10:00:00,Meta,CAMP-001,Landing Page
SES-100052,2026-10-04T10:01:00,Meta,CAMP-001,Product View
SES-100053,2026-10-04T10:00:00,Meta,CAMP-001,Landing Page
SES-100053,2026-10-04T10:01:00,Meta,CAMP-001,Product View
SES-100054,2026-10-04T10:00:00,Meta,CAMP-001,Landing Page
SES-100054,2026-10-04T10:01:00,Meta,CAMP-001,Product View
SES-100054,2026-10-04T10:03:00,Meta,CAMP-001,Add to Cart
SES-100054,2026-10-04T10:05:00,Meta,CAMP-001,Purchase
SES-100055,2026-10-04T10:00:00,Meta,CAMP-001,Landing Page
SES-100055,2026-10-04T10:01:00,Meta,CAMP-001,Product View
SES-100056,2026-10-04T10:00:00,Meta,CAMP-001,Landing Page
SES-100056,2026-10-04T10:01:00,Meta,CAMP-001,Product View
SES-100057,2026-10-04T10:00:00,Meta,CAMP-001,Landing Page
SES-100057,2026-10-04T10:01:00,Meta,CAMP-001,Product View
SES-100058,2026-10-04T10:00:00,Meta,CAMP-001,Landing Page
SES-100058,2026-10-04T10:01:00,Meta,CAMP-001,Product View
SES-100059,2026-10-04T10:00:00,Meta,CAMP-001,Landing Page
SES-100059,2026-10-04T10:01:00,Meta,CAMP-001,Product View
SES-100060,2026-10-04T10:00:00,Meta,CAMP-001,Landing Page
SES-100060,2026-10-04T10:01:00,Meta,CAMP-001,Product View
SES-100061,2026-10-04T10:00:00,Meta,CAMP-001,Landing Page
SES-100062,2026-10-04T10:00:00,Meta,CAMP-001,Landing Page
SES-100063,2026-10-04T10:00:00,Meta,CAMP-001,Landing Page
SES-100064,2026-10-04T10:00:00,Meta,CAMP-001,Landing Page
SES-100064,2026-10-04T10:01:00,Meta,CAMP-001,Product View
SES-100065,2026-10-04T10:00:00,Meta,CAMP-001,Landing Page
SES-100066,2026-10-04T10:00:00,Meta,CAMP-001,Landing Page
SES-100067,2026-10-04T10:00:00,Meta,CAMP-001,Landing Page
SES-100067,2026-10-04T10:01:00,Meta,CAMP-001,Product View
SES-100068,2026-10-04T10:00:00,Meta,CAMP-001,Landing Page
SES-100068,2026-10-04T10:01:00,Meta,CAMP-001,Product View
SES-100069,2026-10-04T10:00:00,Meta,CAMP-001,Landing Page
SES-100070,2026-10-04T10:00:00,Meta,CAMP-001,Landing Page
SES-100071,2026-10-04T10:00:00,Meta,CAMP-001,Landing Page
SES-100072,2026-10-04T10:00:00,Meta,CAMP-001,Landing Page
SES-100072,2026-10-04T10:01:00,Meta,CAMP-001,Product View
SES-100072,2026-10-04T10:03:00,Meta,CAMP-001,Add to Cart
SES-100072,2026-10-04T10:05:00,Meta,CAMP-001,Purchase
SES-100073,2026-10-04T10:00:00,Meta,CAMP-001,Landing Page
SES-100074,2026-10-04T10:00:00,Meta,CAMP-001,Landing Page
SES-100074,2026-10-04T10:01:00,Meta,CAMP-001,Product View
SES-100075,2026-10-04T10:00:00,Meta,CAMP-001,Landing Page
SES-100075,2026-10-04T10:01:00,Meta,CAMP-001,Product View
SES-100076,2026-10-04T10:00:00,Meta,CAMP-001,Landing Page
SES-100076,2026-10-04T10:01:00,Meta,CAMP-001,Product View
SES-100077,2026-10-04T10:00:00,Meta,CAMP-001,Landing Page
SES-100077,2026-10-04T10:01:00,Meta,CAMP-001,Product View
SES-100078,2026-10-04T10:00:00,Meta,CAMP-001,Landing Page
SES-100078,2026-10-04T10:01:00,Meta,CAMP-001,Product View
SES-100079,2026-10-04T10:00:00,Meta,CAMP-001,Landing Page
SES-100080,2026-10-04T10:00:00,Meta,CAMP-001,Landing Page
SES-100080,2026-10-04T10:01:00,Meta,CAMP-001,Product View
SES-100080,2026-10-04T10:03:00,Meta,CAMP-001,Add to Cart
SES-100080,2026-10-04T10:05:00,Meta,CAMP-001,Purchase
SES-100081,2026-10-04T10:00:00,Meta,CAMP-001,Landing Page
SES-100081,2026-10-04T10:01:00,Meta,CAMP-001,Product View
SES-100082,2026-10-04T10:00:00,Meta,CAMP-001,Landing Page
SES-100082,2026-10-04T10:01:00,Meta,CAMP-001,Product View
SES-100082,2026-10-04T10:03:00,Meta,CAMP-001,Add to Cart
SES-100083,2026-10-04T10:00:00,Meta,CAMP-001,Landing Page
SES-100083,2026-10-04T10:01:00,Meta,CAMP-001,Product View
SES-100084,2026-10-04T10:00:00,Meta,CAMP-001,Landing Page
SES-100084,2026-10-04T10:01:00,Meta,CAMP-001,Product View
SES-100085,2026-10-04T10:00:00,Meta,CAMP-001,Landing Page
SES-100085,2026-10-04T10:01:00,Meta,CAMP-001,Product View
SES-100086,2026-10-04T10:00:00,Meta,CAMP-001,Landing Page
SES-100087,2026-10-04T10:00:00,Meta,CAMP-001,Landing Page
SES-100087,2026-10-04T10:01:00,Meta,CAMP-001,Product View
SES-100088,2026-10-04T10:00:00,Meta,CAMP-001,Landing Page
SES-100089,2026-10-04T10:00:00,Meta,CAMP-001,Landing Page
SES-100090,2026-10-04T10:00:00,Meta,CAMP-001,Landing Page
SES-100091,2026-10-04T10:00:00,Meta,CAMP-001,Landing Page
SES-100092,2026-10-04T10:00:00,Meta,CAMP-001,Landing Page
SES-100093,2026-10-04T10:00:00,Meta,CAMP-001,Landing Page
SES-100094,2026-10-04T10:00:00,Meta,CAMP-001,Landing Page
SES-100094,2026-10-04T10:01:00,Meta,CAMP-001,Product View
SES-100094,2026-10-04T10:03:00,Meta,CAMP-001,Add to Cart
SES-100094,2026-10-04T10:05:00,Meta,CAMP-001,Purchase
SES-100095,2026-10-04T10:00:00,Meta,CAMP-001,Landing Page
SES-100095,2026-10-04T10:01:00,Meta,CAMP-001,Product View
SES-100096,2026-10-04T10:00:00,Meta,CAMP-001,Landing Page
SES-100096,2026-10-04T10:01:00,Meta,CAMP-001,Product View
SES-100097,2026-10-04T10:00:00,Meta,CAMP-001,Landing Page
SES-100098,2026-10-04T10:00:00,Meta,CAMP-001,Landing Page
SES-100099,2026-10-04T10:00:00,Meta,CAMP-001,Landing Page
SES-100100,2026-10-05T10:00:00,Meta,CAMP-001,Landing Page
SES-100101,2026-10-05T10:00:00,Meta,CAMP-001,Landing Page
SES-100102,2026-10-05T10:00:00,Meta,CAMP-001,Landing Page
SES-100102,2026-10-05T10:01:00,Meta,CAMP-001,Product View
SES-100103,2026-10-05T10:00:00,Meta,CAMP-001,Landing Page
SES-100103,2026-10-05T10:01:00,Meta,CAMP-001,Product View
SES-100103,2026-10-05T10:03:00,Meta,CAMP-001,Add to Cart
SES-100104,2026-10-05T10:00:00,Meta,CAMP-001,Landing Page
SES-100104,2026-10-05T10:01:00,Meta,CAMP-001,Product View
SES-100105,2026-10-05T10:00:00,Meta,CAMP-001,Landing Page
SES-100105,2026-10-05T10:01:00,Meta,CAMP-001,Product View
SES-100106,2026-10-05T10:00:00,Meta,CAMP-001,Landing Page
SES-100106,2026-10-05T10:01:00,Meta,CAMP-001,Product View
SES-100107,2026-10-05T10:00:00,Meta,CAMP-001,Landing Page
SES-100107,2026-10-05T10:01:00,Meta,CAMP-001,Product View
SES-100108,2026-10-05T10:00:00,Meta,CAMP-001,Landing Page
SES-100109,2026-10-05T10:00:00,Meta,CAMP-001,Landing Page
SES-100110,2026-10-05T10:00:00,Meta,CAMP-001,Landing Page
SES-100110,2026-10-05T10:01:00,Meta,CAMP-001,Product View
SES-100110,2026-10-05T10:03:00,Meta,CAMP-001,Add to Cart
SES-100110,2026-10-05T10:05:00,Meta,CAMP-001,Purchase
SES-100111,2026-10-05T10:00:00,Meta,CAMP-001,Landing Page
SES-100112,2026-10-05T10:00:00,Meta,CAMP-001,Landing Page
SES-100112,2026-10-05T10:01:00,Meta,CAMP-001,Product View
SES-100112,2026-10-05T10:03:00,Meta,CAMP-001,Add to Cart
SES-100112,2026-10-05T10:05:00,Meta,CAMP-001,Purchase
SES-100113,2026-10-05T10:00:00,Meta,CAMP-001,Landing Page
SES-100114,2026-10-05T10:00:00,Meta,CAMP-001,Landing Page
SES-100114,2026-10-05T10:01:00,Meta,CAMP-001,Product View
SES-100115,2026-10-05T10:00:00,Meta,CAMP-001,Landing Page
SES-100116,2026-10-05T10:00:00,Meta,CAMP-001,Landing Page
SES-100116,2026-10-05T10:01:00,Meta,CAMP-001,Product View
SES-100117,2026-10-05T10:00:00,Meta,CAMP-001,Landing Page
SES-100117,2026-10-05T10:01:00,Meta,CAMP-001,Product View
SES-100118,2026-10-05T10:00:00,Meta,CAMP-001,Landing Page
SES-100119,2026-10-05T10:00:00,Meta,CAMP-001,Landing Page
SES-100119,2026-10-05T10:01:00,Meta,CAMP-001,Product View
SES-100120,2026-10-05T10:00:00,Meta,CAMP-001,Landing Page
SES-100120,2026-10-05T10:01:00,Meta,CAMP-001,Product View
SES-100120,2026-10-05T10:03:00,Meta,CAMP-001,Add to Cart
SES-100120,2026-10-05T10:05:00,Meta,CAMP-001,Purchase
SES-100121,2026-10-05T10:00:00,Meta,CAMP-001,Landing Page
SES-100122,2026-10-05T10:00:00,Meta,CAMP-001,Landing Page
SES-100122,2026-10-05T10:01:00,Meta,CAMP-001,Product View
SES-100123,2026-10-05T10:00:00,Meta,CAMP-001,Landing Page
SES-100124,2026-10-05T10:00:00,Meta,CAMP-001,Landing Page
SES-100125,2026-10-05T10:00:00,Meta,CAMP-001,Landing Page
SES-100125,2026-10-05T10:01:00,Meta,CAMP-001,Product View
SES-100125,2026-10-05T10:03:00,Meta,CAMP-001,Add to Cart
SES-100125,2026-10-05T10:05:00,Meta,CAMP-001,Purchase
SES-100126,2026-10-05T10:00:00,Meta,CAMP-001,Landing Page
SES-100127,2026-10-05T10:00:00,Meta,CAMP-001,Landing Page
SES-100127,2026-10-05T10:01:00,Meta,CAMP-001,Product View
SES-100128,2026-10-05T10:00:00,Meta,CAMP-001,Landing Page
SES-100128,2026-10-05T10:01:00,Meta,CAMP-001,Product View
SES-100128,2026-10-05T10:03:00,Meta,CAMP-001,Add to Cart
SES-100128,2026-10-05T10:05:00,Meta,CAMP-001,Purchase
SES-100129,2026-10-05T10:00:00,Meta,CAMP-001,Landing Page
SES-100129,2026-10-05T10:01:00,Meta,CAMP-001,Product View
SES-100129,2026-10-05T10:03:00,Meta,CAMP-001,Add to Cart
SES-100129,2026-10-05T10:05:00,Meta,CAMP-001,Purchase
SES-100130,2026-10-05T10:00:00,Meta,CAMP-001,Landing Page
SES-100130,2026-10-05T10:01:00,Meta,CAMP-001,Product View
SES-100131,2026-10-05T10:00:00,Meta,CAMP-001,Landing Page
SES-100131,2026-10-05T10:01:00,Meta,CAMP-001,Product View
SES-100132,2026-10-05T10:00:00,Meta,CAMP-001,Landing Page
SES-100132,2026-10-05T10:01:00,Meta,CAMP-001,Product View
SES-100133,2026-10-05T10:00:00,Meta,CAMP-001,Landing Page
SES-100134,2026-10-05T10:00:00,Meta,CAMP-001,Landing Page
SES-100135,2026-10-05T10:00:00,Meta,CAMP-001,Landing Page
SES-100135,2026-10-05T10:01:00,Meta,CAMP-001,Product View
SES-100136,2026-10-05T10:00:00,Meta,CAMP-001,Landing Page
SES-100137,2026-10-05T10:00:00,Meta,CAMP-001,Landing Page
SES-100137,2026-10-05T10:01:00,Meta,CAMP-001,Product View
SES-100138,2026-10-05T10:00:00,Meta,CAMP-001,Landing Page
SES-100139,2026-10-05T10:00:00,Meta,CAMP-001,Landing Page
SES-100139,2026-10-05T10:01:00,Meta,CAMP-001,Product View
SES-100140,2026-10-05T10:00:00,Meta,CAMP-001,Landing Page
SES-100141,2026-10-05T10:00:00,Meta,CAMP-001,Landing Page
SES-100141,2026-10-05T10:01:00,Meta,CAMP-001,Product View
SES-100142,2026-10-05T10:00:00,Meta,CAMP-001,Landing Page
SES-100142,2026-10-05T10:01:00,Meta,CAMP-001,Product View
SES-100142,2026-10-05T10:03:00,Meta,CAMP-001,Add to Cart
SES-100142,2026-10-05T10:05:00,Meta,CAMP-001,Purchase
SES-100143,2026-10-05T10:00:00,Meta,CAMP-001,Landing Page
SES-100143,2026-10-05T10:01:00,Meta,CAMP-001,Product View
SES-100143,2026-10-05T10:03:00,Meta,CAMP-001,Add to Cart
SES-100144,2026-10-05T10:00:00,Meta,CAMP-001,Landing Page
SES-100144,2026-10-05T10:01:00,Meta,CAMP-001,Product View
SES-100144,2026-10-05T10:03:00,Meta,CAMP-001,Add to Cart
SES-100144,2026-10-05T10:05:00,Meta,CAMP-001,Purchase
SES-100145,2026-10-05T10:00:00,Meta,CAMP-001,Landing Page
SES-100145,2026-10-05T10:01:00,Meta,CAMP-001,Product View
SES-100146,2026-10-05T10:00:00,Meta,CAMP-001,Landing Page
SES-100146,2026-10-05T10:01:00,Meta,CAMP-001,Product View
SES-100147,2026-10-05T10:00:00,Meta,CAMP-001,Landing Page
SES-100147,2026-10-05T10:01:00,Meta,CAMP-001,Product View
SES-100148,2026-10-05T10:00:00,Meta,CAMP-001,Landing Page
SES-100149,2026-10-05T10:00:00,Meta,CAMP-001,Landing Page
SES-100149,2026-10-05T10:01:00,Meta,CAMP-001,Product View
SES-100150,2026-10-06T10:00:00,Meta,CAMP-001,Landing Page
SES-100151,2026-10-06T10:00:00,Meta,CAMP-001,Landing Page
SES-100151,2026-10-06T10:01:00,Meta,CAMP-001,Product View
SES-100152,2026-10-06T10:00:00,Meta,CAMP-001,Landing Page
SES-100153,2026-10-06T10:00:00,Meta,CAMP-001,Landing Page
SES-100153,2026-10-06T10:01:00,Meta,CAMP-001,Product View
SES-100154,2026-10-06T10:00:00,Meta,CAMP-001,Landing Page
SES-100155,2026-10-06T10:00:00,Meta,CAMP-001,Landing Page
SES-100156,2026-10-06T10:00:00,Meta,CAMP-001,Landing Page
SES-100157,2026-10-06T10:00:00,Meta,CAMP-001,Landing Page
SES-100158,2026-10-06T10:00:00,Meta,CAMP-001,Landing Page
SES-100158,2026-10-06T10:01:00,Meta,CAMP-001,Product View
SES-100159,2026-10-06T10:00:00,Meta,CAMP-001,Landing Page
SES-100159,2026-10-06T10:01:00,Meta,CAMP-001,Product View
SES-100160,2026-10-06T10:00:00,Meta,CAMP-001,Landing Page
SES-100161,2026-10-06T10:00:00,Meta,CAMP-001,Landing Page
SES-100161,2026-10-06T10:01:00,Meta,CAMP-001,Product View
SES-100162,2026-10-06T10:00:00,Meta,CAMP-001,Landing Page
SES-100162,2026-10-06T10:01:00,Meta,CAMP-001,Product View
SES-100162,2026-10-06T10:03:00,Meta,CAMP-001,Add to Cart
SES-100163,2026-10-06T10:00:00,Meta,CAMP-001,Landing Page
SES-100163,2026-10-06T10:01:00,Meta,CAMP-001,Product View
SES-100164,2026-10-06T10:00:00,Meta,CAMP-001,Landing Page
SES-100164,2026-10-06T10:01:00,Meta,CAMP-001,Product View
SES-100164,2026-10-06T10:03:00,Meta,CAMP-001,Add to Cart
SES-100164,2026-10-06T10:05:00,Meta,CAMP-001,Purchase
SES-100165,2026-10-06T10:00:00,Meta,CAMP-001,Landing Page
SES-100165,2026-10-06T10:01:00,Meta,CAMP-001,Product View
SES-100165,2026-10-06T10:03:00,Meta,CAMP-001,Add to Cart
SES-100166,2026-10-06T10:00:00,Meta,CAMP-001,Landing Page
SES-100166,2026-10-06T10:01:00,Meta,CAMP-001,Product View
SES-100166,2026-10-06T10:03:00,Meta,CAMP-001,Add to Cart
SES-100166,2026-10-06T10:05:00,Meta,CAMP-001,Purchase
SES-100167,2026-10-06T10:00:00,Meta,CAMP-001,Landing Page
SES-100168,2026-10-06T10:00:00,Meta,CAMP-001,Landing Page
SES-100168,2026-10-06T10:01:00,Meta,CAMP-001,Product View
SES-100169,2026-10-06T10:00:00,Meta,CAMP-001,Landing Page
SES-100170,2026-10-06T10:00:00,Meta,CAMP-001,Landing Page
SES-100171,2026-10-06T10:00:00,Meta,CAMP-001,Landing Page
SES-100172,2026-10-06T10:00:00,Meta,CAMP-001,Landing Page
SES-100173,2026-10-06T10:00:00,Meta,CAMP-001,Landing Page
SES-100173,2026-10-06T10:01:00,Meta,CAMP-001,Product View
SES-100173,2026-10-06T10:03:00,Meta,CAMP-001,Add to Cart
SES-100173,2026-10-06T10:05:00,Meta,CAMP-001,Purchase
SES-100174,2026-10-06T10:00:00,Meta,CAMP-001,Landing Page
SES-100175,2026-10-06T10:00:00,Meta,CAMP-001,Landing Page
SES-100175,2026-10-06T10:01:00,Meta,CAMP-001,Product View
SES-100176,2026-10-06T10:00:00,Meta,CAMP-001,Landing Page
SES-100177,2026-10-06T10:00:00,Meta,CAMP-001,Landing Page
SES-100177,2026-10-06T10:01:00,Meta,CAMP-001,Product View
SES-100177,2026-10-06T10:03:00,Meta,CAMP-001,Add to Cart
SES-100177,2026-10-06T10:05:00,Meta,CAMP-001,Purchase
SES-100178,2026-10-06T10:00:00,Meta,CAMP-001,Landing Page
SES-100178,2026-10-06T10:01:00,Meta,CAMP-001,Product View
SES-100178,2026-10-06T10:03:00,Meta,CAMP-001,Add to Cart
SES-100178,2026-10-06T10:05:00,Meta,CAMP-001,Purchase
SES-100179,2026-10-06T10:00:00,Meta,CAMP-001,Landing Page
SES-100180,2026-10-06T10:00:00,Meta,CAMP-001,Landing Page
SES-100181,2026-10-06T10:00:00,Meta,CAMP-001,Landing Page
SES-100182,2026-10-06T10:00:00,Meta,CAMP-001,Landing Page
SES-100183,2026-10-06T10:00:00,Meta,CAMP-001,Landing Page
SES-100183,2026-10-06T10:01:00,Meta,CAMP-001,Product View
SES-100183,2026-10-06T10:03:00,Meta,CAMP-001,Add to Cart
SES-100183,2026-10-06T10:05:00,Meta,CAMP-001,Purchase
SES-100184,2026-10-06T10:00:00,Meta,CAMP-001,Landing Page
SES-100184,2026-10-06T10:01:00,Meta,CAMP-001,Product View
SES-100185,2026-10-06T10:00:00,Meta,CAMP-001,Landing Page
SES-100186,2026-10-06T10:00:00,Meta,CAMP-001,Landing Page
SES-100186,2026-10-06T10:01:00,Meta,CAMP-001,Product View
SES-100187,2026-10-06T10:00:00,Meta,CAMP-001,Landing Page
SES-100187,2026-10-06T10:01:00,Meta,CAMP-001,Product View
SES-100188,2026-10-06T10:00:00,Meta,CAMP-001,Landing Page
SES-100189,2026-10-06T10:00:00,Meta,CAMP-001,Landing Page
SES-100190,2026-10-06T10:00:00,Meta,CAMP-001,Landing Page
SES-100191,2026-10-06T10:00:00,Meta,CAMP-001,Landing Page
SES-100192,2026-10-06T10:00:00,Meta,CAMP-001,Landing Page
SES-100192,2026-10-06T10:01:00,Meta,CAMP-001,Product View
SES-100193,2026-10-06T10:00:00,Meta,CAMP-001,Landing Page
SES-100194,2026-10-06T10:00:00,Meta,CAMP-001,Landing Page
SES-100194,2026-10-06T10:01:00,Meta,CAMP-001,Product View
SES-100195,2026-10-06T10:00:00,Meta,CAMP-001,Landing Page
SES-100196,2026-10-06T10:00:00,Meta,CAMP-001,Landing Page
SES-100196,2026-10-06T10:01:00,Meta,CAMP-001,Product View
SES-100197,2026-10-06T10:00:00,Meta,CAMP-001,Landing Page
SES-100197,2026-10-06T10:01:00,Meta,CAMP-001,Product View
SES-100198,2026-10-06T10:00:00,Meta,CAMP-001,Landing Page
SES-100198,2026-10-06T10:01:00,Meta,CAMP-001,Product View
SES-100199,2026-10-06T10:00:00,Meta,CAMP-001,Landing Page
SES-100200,2026-10-07T10:00:00,Meta,CAMP-001,Landing Page
SES-100201,2026-10-07T10:00:00,Meta,CAMP-001,Landing Page
SES-100202,2026-10-07T10:00:00,Meta,CAMP-001,Landing Page
SES-100202,2026-10-07T10:01:00,Meta,CAMP-001,Product View
SES-100203,2026-10-07T10:00:00,Meta,CAMP-001,Landing Page
SES-100203,2026-10-07T10:01:00,Meta,CAMP-001,Product View
SES-100203,2026-10-07T10:03:00,Meta,CAMP-001,Add to Cart
SES-100204,2026-10-07T10:00:00,Meta,CAMP-001,Landing Page
SES-100205,2026-10-07T10:00:00,Meta,CAMP-001,Landing Page
SES-100205,2026-10-07T10:01:00,Meta,CAMP-001,Product View
SES-100205,2026-10-07T10:03:00,Meta,CAMP-001,Add to Cart
SES-100205,2026-10-07T10:05:00,Meta,CAMP-001,Purchase
SES-100206,2026-10-07T10:00:00,Meta,CAMP-001,Landing Page
SES-100206,2026-10-07T10:01:00,Meta,CAMP-001,Product View
SES-100206,2026-10-07T10:03:00,Meta,CAMP-001,Add to Cart
SES-100207,2026-10-07T10:00:00,Meta,CAMP-001,Landing Page
SES-100208,2026-10-07T10:00:00,Meta,CAMP-001,Landing Page
SES-100209,2026-10-07T10:00:00,Meta,CAMP-001,Landing Page
SES-100209,2026-10-07T10:01:00,Meta,CAMP-001,Product View
SES-100210,2026-10-07T10:00:00,Meta,CAMP-001,Landing Page
SES-100211,2026-10-07T10:00:00,Meta,CAMP-001,Landing Page
SES-100211,2026-10-07T10:01:00,Meta,CAMP-001,Product View
SES-100211,2026-10-07T10:03:00,Meta,CAMP-001,Add to Cart
SES-100211,2026-10-07T10:05:00,Meta,CAMP-001,Purchase
SES-100212,2026-10-07T10:00:00,Meta,CAMP-001,Landing Page
SES-100213,2026-10-07T10:00:00,Meta,CAMP-001,Landing Page
SES-100214,2026-10-07T10:00:00,Meta,CAMP-001,Landing Page
SES-100215,2026-10-07T10:00:00,Meta,CAMP-001,Landing Page
SES-100215,2026-10-07T10:01:00,Meta,CAMP-001,Product View
SES-100216,2026-10-07T10:00:00,Meta,CAMP-001,Landing Page
SES-100217,2026-10-07T10:00:00,Meta,CAMP-001,Landing Page
SES-100217,2026-10-07T10:01:00,Meta,CAMP-001,Product View
SES-100218,2026-10-07T10:00:00,Meta,CAMP-001,Landing Page
SES-100218,2026-10-07T10:01:00,Meta,CAMP-001,Product View
SES-100219,2026-10-07T10:00:00,Meta,CAMP-001,Landing Page
SES-100220,2026-10-07T10:00:00,Meta,CAMP-001,Landing Page
SES-100220,2026-10-07T10:01:00,Meta,CAMP-001,Product View
SES-100221,2026-10-07T10:00:00,Meta,CAMP-001,Landing Page
SES-100221,2026-10-07T10:01:00,Meta,CAMP-001,Product View
SES-100222,2026-10-07T10:00:00,Meta,CAMP-001,Landing Page
SES-100222,2026-10-07T10:01:00,Meta,CAMP-001,Product View
SES-100223,2026-10-07T10:00:00,Meta,CAMP-001,Landing Page
SES-100223,2026-10-07T10:01:00,Meta,CAMP-001,Product View
SES-100224,2026-10-07T10:00:00,Meta,CAMP-001,Landing Page
SES-100224,2026-10-07T10:01:00,Meta,CAMP-001,Product View
SES-100224,2026-10-07T10:03:00,Meta,CAMP-001,Add to Cart
SES-100225,2026-10-07T10:00:00,Meta,CAMP-001,Landing Page
SES-100225,2026-10-07T10:01:00,Meta,CAMP-001,Product View
SES-100225,2026-10-07T10:03:00,Meta,CAMP-001,Add to Cart
SES-100225,2026-10-07T10:05:00,Meta,CAMP-001,Purchase
SES-100226,2026-10-07T10:00:00,Meta,CAMP-001,Landing Page
SES-100226,2026-10-07T10:01:00,Meta,CAMP-001,Product View
SES-100227,2026-10-07T10:00:00,Meta,CAMP-001,Landing Page
SES-100228,2026-10-07T10:00:00,Meta,CAMP-001,Landing Page
SES-100229,2026-10-07T10:00:00,Meta,CAMP-001,Landing Page
SES-100229,2026-10-07T10:01:00,Meta,CAMP-001,Product View
SES-100230,2026-10-07T10:00:00,Meta,CAMP-001,Landing Page
SES-100230,2026-10-07T10:01:00,Meta,CAMP-001,Product View
SES-100231,2026-10-07T10:00:00,Meta,CAMP-001,Landing Page
SES-100231,2026-10-07T10:01:00,Meta,CAMP-001,Product View
SES-100231,2026-10-07T10:03:00,Meta,CAMP-001,Add to Cart
SES-100231,2026-10-07T10:05:00,Meta,CAMP-001,Purchase
SES-100232,2026-10-07T10:00:00,Meta,CAMP-001,Landing Page
SES-100232,2026-10-07T10:01:00,Meta,CAMP-001,Product View
SES-100233,2026-10-07T10:00:00,Meta,CAMP-001,Landing Page
SES-100233,2026-10-07T10:01:00,Meta,CAMP-001,Product View
SES-100233,2026-10-07T10:03:00,Meta,CAMP-001,Add to Cart
SES-100233,2026-10-07T10:05:00,Meta,CAMP-001,Purchase
SES-100234,2026-10-07T10:00:00,Meta,CAMP-001,Landing Page
SES-100235,2026-10-07T10:00:00,Meta,CAMP-001,Landing Page
SES-100236,2026-10-07T10:00:00,Meta,CAMP-001,Landing Page
SES-100236,2026-10-07T10:01:00,Meta,CAMP-001,Product View
SES-100236,2026-10-07T10:03:00,Meta,CAMP-001,Add to Cart
SES-100237,2026-10-07T10:00:00,Meta,CAMP-001,Landing Page
SES-100237,2026-10-07T10:01:00,Meta,CAMP-001,Product View
SES-100238,2026-10-07T10:00:00,Meta,CAMP-001,Landing Page
SES-100238,2026-10-07T10:01:00,Meta,CAMP-001,Product View
SES-100238,2026-10-07T10:03:00,Meta,CAMP-001,Add to Cart
SES-100239,2026-10-07T10:00:00,Meta,CAMP-001,Landing Page
SES-100240,2026-10-07T10:00:00,Meta,CAMP-001,Landing Page
SES-100241,2026-10-07T10:00:00,Meta,CAMP-001,Landing Page
SES-100242,2026-10-07T10:00:00,Meta,CAMP-001,Landing Page
SES-100242,2026-10-07T10:01:00,Meta,CAMP-001,Product View
SES-100243,2026-10-07T10:00:00,Meta,CAMP-001,Landing Page
SES-100244,2026-10-07T10:00:00,Meta,CAMP-001,Landing Page
SES-100244,2026-10-07T10:01:00,Meta,CAMP-001,Product View
SES-100244,2026-10-07T10:03:00,Meta,CAMP-001,Add to Cart
SES-100244,2026-10-07T10:05:00,Meta,CAMP-001,Purchase
SES-100245,2026-10-07T10:00:00,Meta,CAMP-001,Landing Page
SES-100245,2026-10-07T10:01:00,Meta,CAMP-001,Product View
SES-100246,2026-10-07T10:00:00,Meta,CAMP-001,Landing Page
SES-100246,2026-10-07T10:01:00,Meta,CAMP-001,Product View
SES-100246,2026-10-07T10:03:00,Meta,CAMP-001,Add to Cart
SES-100247,2026-10-07T10:00:00,Meta,CAMP-001,Landing Page
SES-100247,2026-10-07T10:01:00,Meta,CAMP-001,Product View
SES-100248,2026-10-07T10:00:00,Meta,CAMP-001,Landing Page
SES-100249,2026-10-07T10:00:00,Meta,CAMP-001,Landing Page
SES-100249,2026-10-07T10:01:00,Meta,CAMP-001,Product View
SES-100249,2026-10-07T10:03:00,Meta,CAMP-001,Add to Cart
SES-100250,2026-10-03T10:00:00,Google,CAMP-002,Landing Page
SES-100251,2026-10-03T10:00:00,Google,CAMP-002,Landing Page
SES-100251,2026-10-03T10:01:00,Google,CAMP-002,Product View
SES-100251,2026-10-03T10:03:00,Google,CAMP-002,Add to Cart
SES-100251,2026-10-03T10:05:00,Google,CAMP-002,Purchase
SES-100252,2026-10-03T10:00:00,Google,CAMP-002,Landing Page
SES-100253,2026-10-03T10:00:00,Google,CAMP-002,Landing Page
SES-100253,2026-10-03T10:01:00,Google,CAMP-002,Product View
SES-100254,2026-10-03T10:00:00,Google,CAMP-002,Landing Page
SES-100255,2026-10-03T10:00:00,Google,CAMP-002,Landing Page
SES-100255,2026-10-03T10:01:00,Google,CAMP-002,Product View
SES-100256,2026-10-03T10:00:00,Google,CAMP-002,Landing Page
SES-100256,2026-10-03T10:01:00,Google,CAMP-002,Product View
SES-100256,2026-10-03T10:03:00,Google,CAMP-002,Add to Cart
SES-100257,2026-10-03T10:00:00,Google,CAMP-002,Landing Page
SES-100257,2026-10-03T10:01:00,Google,CAMP-002,Product View
SES-100258,2026-10-03T10:00:00,Google,CAMP-002,Landing Page
SES-100259,2026-10-03T10:00:00,Google,CAMP-002,Landing Page
SES-100260,2026-10-03T10:00:00,Google,CAMP-002,Landing Page
SES-100260,2026-10-03T10:01:00,Google,CAMP-002,Product View
SES-100261,2026-10-03T10:00:00,Google,CAMP-002,Landing Page
SES-100261,2026-10-03T10:01:00,Google,CAMP-002,Product View
SES-100262,2026-10-03T10:00:00,Google,CAMP-002,Landing Page
SES-100262,2026-10-03T10:01:00,Google,CAMP-002,Product View
SES-100263,2026-10-03T10:00:00,Google,CAMP-002,Landing Page
SES-100263,2026-10-03T10:01:00,Google,CAMP-002,Product View
SES-100264,2026-10-03T10:00:00,Google,CAMP-002,Landing Page
SES-100265,2026-10-03T10:00:00,Google,CAMP-002,Landing Page
SES-100266,2026-10-03T10:00:00,Google,CAMP-002,Landing Page
SES-100266,2026-10-03T10:01:00,Google,CAMP-002,Product View
SES-100267,2026-10-03T10:00:00,Google,CAMP-002,Landing Page
SES-100268,2026-10-03T10:00:00,Google,CAMP-002,Landing Page
SES-100269,2026-10-03T10:00:00,Google,CAMP-002,Landing Page
SES-100270,2026-10-03T10:00:00,Google,CAMP-002,Landing Page
SES-100271,2026-10-03T10:00:00,Google,CAMP-002,Landing Page
SES-100271,2026-10-03T10:01:00,Google,CAMP-002,Product View
SES-100272,2026-10-03T10:00:00,Google,CAMP-002,Landing Page
SES-100272,2026-10-03T10:01:00,Google,CAMP-002,Product View
SES-100273,2026-10-03T10:00:00,Google,CAMP-002,Landing Page
SES-100274,2026-10-03T10:00:00,Google,CAMP-002,Landing Page
SES-100274,2026-10-03T10:01:00,Google,CAMP-002,Product View
SES-100275,2026-10-03T10:00:00,Google,CAMP-002,Landing Page
SES-100275,2026-10-03T10:01:00,Google,CAMP-002,Product View
SES-100275,2026-10-03T10:03:00,Google,CAMP-002,Add to Cart
SES-100276,2026-10-03T10:00:00,Google,CAMP-002,Landing Page
SES-100276,2026-10-03T10:01:00,Google,CAMP-002,Product View
SES-100277,2026-10-03T10:00:00,Google,CAMP-002,Landing Page
SES-100277,2026-10-03T10:01:00,Google,CAMP-002,Product View
SES-100278,2026-10-03T10:00:00,Google,CAMP-002,Landing Page
SES-100278,2026-10-03T10:01:00,Google,CAMP-002,Product View
SES-100278,2026-10-03T10:03:00,Google,CAMP-002,Add to Cart
SES-100278,2026-10-03T10:05:00,Google,CAMP-002,Purchase
SES-100279,2026-10-03T10:00:00,Google,CAMP-002,Landing Page
SES-100280,2026-10-03T10:00:00,Google,CAMP-002,Landing Page
SES-100280,2026-10-03T10:01:00,Google,CAMP-002,Product View
SES-100281,2026-10-03T10:00:00,Google,CAMP-002,Landing Page
SES-100281,2026-10-03T10:01:00,Google,CAMP-002,Product View
SES-100281,2026-10-03T10:03:00,Google,CAMP-002,Add to Cart
SES-100282,2026-10-03T10:00:00,Google,CAMP-002,Landing Page
SES-100282,2026-10-03T10:01:00,Google,CAMP-002,Product View
SES-100283,2026-10-03T10:00:00,Google,CAMP-002,Landing Page
SES-100283,2026-10-03T10:01:00,Google,CAMP-002,Product View
SES-100283,2026-10-03T10:03:00,Google,CAMP-002,Add to Cart
SES-100284,2026-10-03T10:00:00,Google,CAMP-002,Landing Page
SES-100285,2026-10-03T10:00:00,Google,CAMP-002,Landing Page
SES-100285,2026-10-03T10:01:00,Google,CAMP-002,Product View
SES-100286,2026-10-03T10:00:00,Google,CAMP-002,Landing Page
SES-100286,2026-10-03T10:01:00,Google,CAMP-002,Product View
SES-100287,2026-10-03T10:00:00,Google,CAMP-002,Landing Page
SES-100287,2026-10-03T10:01:00,Google,CAMP-002,Product View
SES-100288,2026-10-03T10:00:00,Google,CAMP-002,Landing Page
SES-100288,2026-10-03T10:01:00,Google,CAMP-002,Product View
SES-100288,2026-10-03T10:03:00,Google,CAMP-002,Add to Cart
SES-100289,2026-10-03T10:00:00,Google,CAMP-002,Landing Page
SES-100290,2026-10-03T10:00:00,Google,CAMP-002,Landing Page
SES-100291,2026-10-03T10:00:00,Google,CAMP-002,Landing Page
SES-100291,2026-10-03T10:01:00,Google,CAMP-002,Product View
SES-100292,2026-10-03T10:00:00,Google,CAMP-002,Landing Page
SES-100292,2026-10-03T10:01:00,Google,CAMP-002,Product View
SES-100293,2026-10-03T10:00:00,Google,CAMP-002,Landing Page
SES-100293,2026-10-03T10:01:00,Google,CAMP-002,Product View
SES-100293,2026-10-03T10:03:00,Google,CAMP-002,Add to Cart
SES-100294,2026-10-03T10:00:00,Google,CAMP-002,Landing Page
SES-100294,2026-10-03T10:01:00,Google,CAMP-002,Product View
SES-100295,2026-10-03T10:00:00,Google,CAMP-002,Landing Page
SES-100295,2026-10-03T10:01:00,Google,CAMP-002,Product View
SES-100296,2026-10-03T10:00:00,Google,CAMP-002,Landing Page
SES-100297,2026-10-03T10:00:00,Google,CAMP-002,Landing Page
SES-100298,2026-10-03T10:00:00,Google,CAMP-002,Landing Page
SES-100299,2026-10-03T10:00:00,Google,CAMP-002,Landing Page
SES-100299,2026-10-03T10:01:00,Google,CAMP-002,Product View
SES-100299,2026-10-03T10:03:00,Google,CAMP-002,Add to Cart
SES-100299,2026-10-03T10:05:00,Google,CAMP-002,Purchase
SES-100300,2026-10-04T10:00:00,Google,CAMP-002,Landing Page
SES-100300,2026-10-04T10:01:00,Google,CAMP-002,Product View
SES-100301,2026-10-04T10:00:00,Google,CAMP-002,Landing Page
SES-100301,2026-10-04T10:01:00,Google,CAMP-002,Product View
SES-100302,2026-10-04T10:00:00,Google,CAMP-002,Landing Page
SES-100303,2026-10-04T10:00:00,Google,CAMP-002,Landing Page
SES-100303,2026-10-04T10:01:00,Google,CAMP-002,Product View
SES-100304,2026-10-04T10:00:00,Google,CAMP-002,Landing Page
SES-100305,2026-10-04T10:00:00,Google,CAMP-002,Landing Page
SES-100305,2026-10-04T10:01:00,Google,CAMP-002,Product View
SES-100305,2026-10-04T10:03:00,Google,CAMP-002,Add to Cart
SES-100305,2026-10-04T10:05:00,Google,CAMP-002,Purchase
SES-100306,2026-10-04T10:00:00,Google,CAMP-002,Landing Page
SES-100307,2026-10-04T10:00:00,Google,CAMP-002,Landing Page
SES-100307,2026-10-04T10:01:00,Google,CAMP-002,Product View
SES-100308,2026-10-04T10:00:00,Google,CAMP-002,Landing Page
SES-100308,2026-10-04T10:01:00,Google,CAMP-002,Product View
SES-100309,2026-10-04T10:00:00,Google,CAMP-002,Landing Page
SES-100310,2026-10-04T10:00:00,Google,CAMP-002,Landing Page
SES-100311,2026-10-04T10:00:00,Google,CAMP-002,Landing Page
SES-100311,2026-10-04T10:01:00,Google,CAMP-002,Product View
SES-100311,2026-10-04T10:03:00,Google,CAMP-002,Add to Cart
SES-100311,2026-10-04T10:05:00,Google,CAMP-002,Purchase
SES-100312,2026-10-04T10:00:00,Google,CAMP-002,Landing Page
SES-100312,2026-10-04T10:01:00,Google,CAMP-002,Product View
SES-100313,2026-10-04T10:00:00,Google,CAMP-002,Landing Page
SES-100314,2026-10-04T10:00:00,Google,CAMP-002,Landing Page
SES-100315,2026-10-04T10:00:00,Google,CAMP-002,Landing Page
SES-100315,2026-10-04T10:01:00,Google,CAMP-002,Product View
SES-100316,2026-10-04T10:00:00,Google,CAMP-002,Landing Page
SES-100316,2026-10-04T10:01:00,Google,CAMP-002,Product View
SES-100316,2026-10-04T10:03:00,Google,CAMP-002,Add to Cart
SES-100317,2026-10-04T10:00:00,Google,CAMP-002,Landing Page
SES-100318,2026-10-04T10:00:00,Google,CAMP-002,Landing Page
SES-100318,2026-10-04T10:01:00,Google,CAMP-002,Product View
SES-100319,2026-10-04T10:00:00,Google,CAMP-002,Landing Page
SES-100320,2026-10-04T10:00:00,Google,CAMP-002,Landing Page
SES-100320,2026-10-04T10:01:00,Google,CAMP-002,Product View
SES-100320,2026-10-04T10:03:00,Google,CAMP-002,Add to Cart
SES-100321,2026-10-04T10:00:00,Google,CAMP-002,Landing Page
SES-100322,2026-10-04T10:00:00,Google,CAMP-002,Landing Page
SES-100322,2026-10-04T10:01:00,Google,CAMP-002,Product View
SES-100322,2026-10-04T10:03:00,Google,CAMP-002,Add to Cart
SES-100323,2026-10-04T10:00:00,Google,CAMP-002,Landing Page
SES-100324,2026-10-04T10:00:00,Google,CAMP-002,Landing Page
SES-100324,2026-10-04T10:01:00,Google,CAMP-002,Product View
SES-100324,2026-10-04T10:03:00,Google,CAMP-002,Add to Cart
SES-100325,2026-10-04T10:00:00,Google,CAMP-002,Landing Page
SES-100326,2026-10-04T10:00:00,Google,CAMP-002,Landing Page
SES-100327,2026-10-04T10:00:00,Google,CAMP-002,Landing Page
SES-100328,2026-10-04T10:00:00,Google,CAMP-002,Landing Page
SES-100329,2026-10-04T10:00:00,Google,CAMP-002,Landing Page
SES-100330,2026-10-04T10:00:00,Google,CAMP-002,Landing Page
SES-100331,2026-10-04T10:00:00,Google,CAMP-002,Landing Page
SES-100332,2026-10-04T10:00:00,Google,CAMP-002,Landing Page
SES-100333,2026-10-04T10:00:00,Google,CAMP-002,Landing Page
SES-100334,2026-10-04T10:00:00,Google,CAMP-002,Landing Page
SES-100335,2026-10-04T10:00:00,Google,CAMP-002,Landing Page
SES-100335,2026-10-04T10:01:00,Google,CAMP-002,Product View
SES-100336,2026-10-04T10:00:00,Google,CAMP-002,Landing Page
SES-100336,2026-10-04T10:01:00,Google,CAMP-002,Product View
SES-100337,2026-10-04T10:00:00,Google,CAMP-002,Landing Page
SES-100337,2026-10-04T10:01:00,Google,CAMP-002,Product View
SES-100338,2026-10-04T10:00:00,Google,CAMP-002,Landing Page
SES-100338,2026-10-04T10:01:00,Google,CAMP-002,Product View
SES-100338,2026-10-04T10:03:00,Google,CAMP-002,Add to Cart
SES-100339,2026-10-04T10:00:00,Google,CAMP-002,Landing Page
SES-100339,2026-10-04T10:01:00,Google,CAMP-002,Product View
SES-100340,2026-10-04T10:00:00,Google,CAMP-002,Landing Page
SES-100340,2026-10-04T10:01:00,Google,CAMP-002,Product View
SES-100341,2026-10-04T10:00:00,Google,CAMP-002,Landing Page
SES-100342,2026-10-04T10:00:00,Google,CAMP-002,Landing Page
SES-100342,2026-10-04T10:01:00,Google,CAMP-002,Product View
SES-100343,2026-10-04T10:00:00,Google,CAMP-002,Landing Page
SES-100343,2026-10-04T10:01:00,Google,CAMP-002,Product View
SES-100344,2026-10-04T10:00:00,Google,CAMP-002,Landing Page
SES-100344,2026-10-04T10:01:00,Google,CAMP-002,Product View
SES-100344,2026-10-04T10:03:00,Google,CAMP-002,Add to Cart
SES-100344,2026-10-04T10:05:00,Google,CAMP-002,Purchase
SES-100345,2026-10-04T10:00:00,Google,CAMP-002,Landing Page
SES-100345,2026-10-04T10:01:00,Google,CAMP-002,Product View
SES-100346,2026-10-04T10:00:00,Google,CAMP-002,Landing Page
SES-100347,2026-10-04T10:00:00,Google,CAMP-002,Landing Page
SES-100347,2026-10-04T10:01:00,Google,CAMP-002,Product View
SES-100347,2026-10-04T10:03:00,Google,CAMP-002,Add to Cart
SES-100348,2026-10-04T10:00:00,Google,CAMP-002,Landing Page
SES-100348,2026-10-04T10:01:00,Google,CAMP-002,Product View
SES-100349,2026-10-04T10:00:00,Google,CAMP-002,Landing Page
SES-100349,2026-10-04T10:01:00,Google,CAMP-002,Product View
SES-100350,2026-10-05T10:00:00,Google,CAMP-002,Landing Page
SES-100350,2026-10-05T10:01:00,Google,CAMP-002,Product View
SES-100351,2026-10-05T10:00:00,Google,CAMP-002,Landing Page
SES-100351,2026-10-05T10:01:00,Google,CAMP-002,Product View
SES-100351,2026-10-05T10:03:00,Google,CAMP-002,Add to Cart
SES-100351,2026-10-05T10:05:00,Google,CAMP-002,Purchase
SES-100352,2026-10-05T10:00:00,Google,CAMP-002,Landing Page
SES-100352,2026-10-05T10:01:00,Google,CAMP-002,Product View
SES-100352,2026-10-05T10:03:00,Google,CAMP-002,Add to Cart
SES-100353,2026-10-05T10:00:00,Google,CAMP-002,Landing Page
SES-100353,2026-10-05T10:01:00,Google,CAMP-002,Product View
SES-100354,2026-10-05T10:00:00,Google,CAMP-002,Landing Page
SES-100354,2026-10-05T10:01:00,Google,CAMP-002,Product View
SES-100354,2026-10-05T10:03:00,Google,CAMP-002,Add to Cart
SES-100354,2026-10-05T10:05:00,Google,CAMP-002,Purchase
SES-100355,2026-10-05T10:00:00,Google,CAMP-002,Landing Page
SES-100355,2026-10-05T10:01:00,Google,CAMP-002,Product View
SES-100356,2026-10-05T10:00:00,Google,CAMP-002,Landing Page
SES-100357,2026-10-05T10:00:00,Google,CAMP-002,Landing Page
SES-100358,2026-10-05T10:00:00,Google,CAMP-002,Landing Page
SES-100358,2026-10-05T10:01:00,Google,CAMP-002,Product View
SES-100358,2026-10-05T10:03:00,Google,CAMP-002,Add to Cart
SES-100359,2026-10-05T10:00:00,Google,CAMP-002,Landing Page
SES-100360,2026-10-05T10:00:00,Google,CAMP-002,Landing Page
SES-100360,2026-10-05T10:01:00,Google,CAMP-002,Product View
SES-100360,2026-10-05T10:03:00,Google,CAMP-002,Add to Cart
SES-100361,2026-10-05T10:00:00,Google,CAMP-002,Landing Page
SES-100362,2026-10-05T10:00:00,Google,CAMP-002,Landing Page
SES-100362,2026-10-05T10:01:00,Google,CAMP-002,Product View
SES-100363,2026-10-05T10:00:00,Google,CAMP-002,Landing Page
SES-100364,2026-10-05T10:00:00,Google,CAMP-002,Landing Page
SES-100364,2026-10-05T10:01:00,Google,CAMP-002,Product View
SES-100365,2026-10-05T10:00:00,Google,CAMP-002,Landing Page
SES-100365,2026-10-05T10:01:00,Google,CAMP-002,Product View
SES-100365,2026-10-05T10:03:00,Google,CAMP-002,Add to Cart
SES-100366,2026-10-05T10:00:00,Google,CAMP-002,Landing Page
SES-100366,2026-10-05T10:01:00,Google,CAMP-002,Product View
SES-100367,2026-10-05T10:00:00,Google,CAMP-002,Landing Page
SES-100367,2026-10-05T10:01:00,Google,CAMP-002,Product View
SES-100368,2026-10-05T10:00:00,Google,CAMP-002,Landing Page
SES-100368,2026-10-05T10:01:00,Google,CAMP-002,Product View
SES-100368,2026-10-05T10:03:00,Google,CAMP-002,Add to Cart
SES-100369,2026-10-05T10:00:00,Google,CAMP-002,Landing Page
SES-100369,2026-10-05T10:01:00,Google,CAMP-002,Product View
SES-100370,2026-10-05T10:00:00,Google,CAMP-002,Landing Page
SES-100370,2026-10-05T10:01:00,Google,CAMP-002,Product View
SES-100370,2026-10-05T10:03:00,Google,CAMP-002,Add to Cart
SES-100370,2026-10-05T10:05:00,Google,CAMP-002,Purchase
SES-100371,2026-10-05T10:00:00,Google,CAMP-002,Landing Page
SES-100372,2026-10-05T10:00:00,Google,CAMP-002,Landing Page
SES-100372,2026-10-05T10:01:00,Google,CAMP-002,Product View
SES-100373,2026-10-05T10:00:00,Google,CAMP-002,Landing Page
SES-100373,2026-10-05T10:01:00,Google,CAMP-002,Product View
SES-100374,2026-10-05T10:00:00,Google,CAMP-002,Landing Page
SES-100375,2026-10-05T10:00:00,Google,CAMP-002,Landing Page
SES-100376,2026-10-05T10:00:00,Google,CAMP-002,Landing Page
SES-100376,2026-10-05T10:01:00,Google,CAMP-002,Product View
SES-100377,2026-10-05T10:00:00,Google,CAMP-002,Landing Page
SES-100377,2026-10-05T10:01:00,Google,CAMP-002,Product View
SES-100378,2026-10-05T10:00:00,Google,CAMP-002,Landing Page
SES-100378,2026-10-05T10:01:00,Google,CAMP-002,Product View
SES-100379,2026-10-05T10:00:00,Google,CAMP-002,Landing Page
SES-100379,2026-10-05T10:01:00,Google,CAMP-002,Product View
SES-100380,2026-10-05T10:00:00,Google,CAMP-002,Landing Page
SES-100380,2026-10-05T10:01:00,Google,CAMP-002,Product View
SES-100380,2026-10-05T10:03:00,Google,CAMP-002,Add to Cart
SES-100381,2026-10-05T10:00:00,Google,CAMP-002,Landing Page
SES-100381,2026-10-05T10:01:00,Google,CAMP-002,Product View
SES-100382,2026-10-05T10:00:00,Google,CAMP-002,Landing Page
SES-100382,2026-10-05T10:01:00,Google,CAMP-002,Product View
SES-100383,2026-10-05T10:00:00,Google,CAMP-002,Landing Page
SES-100383,2026-10-05T10:01:00,Google,CAMP-002,Product View
SES-100384,2026-10-05T10:00:00,Google,CAMP-002,Landing Page
SES-100385,2026-10-05T10:00:00,Google,CAMP-002,Landing Page
SES-100386,2026-10-05T10:00:00,Google,CAMP-002,Landing Page
SES-100387,2026-10-05T10:00:00,Google,CAMP-002,Landing Page
SES-100387,2026-10-05T10:01:00,Google,CAMP-002,Product View
SES-100388,2026-10-05T10:00:00,Google,CAMP-002,Landing Page
SES-100389,2026-10-05T10:00:00,Google,CAMP-002,Landing Page
SES-100390,2026-10-05T10:00:00,Google,CAMP-002,Landing Page
SES-100391,2026-10-05T10:00:00,Google,CAMP-002,Landing Page
SES-100391,2026-10-05T10:01:00,Google,CAMP-002,Product View
SES-100392,2026-10-05T10:00:00,Google,CAMP-002,Landing Page
SES-100392,2026-10-05T10:01:00,Google,CAMP-002,Product View
SES-100393,2026-10-05T10:00:00,Google,CAMP-002,Landing Page
SES-100393,2026-10-05T10:01:00,Google,CAMP-002,Product View
SES-100393,2026-10-05T10:03:00,Google,CAMP-002,Add to Cart
SES-100393,2026-10-05T10:05:00,Google,CAMP-002,Purchase
SES-100394,2026-10-05T10:00:00,Google,CAMP-002,Landing Page
SES-100395,2026-10-05T10:00:00,Google,CAMP-002,Landing Page
SES-100395,2026-10-05T10:01:00,Google,CAMP-002,Product View
SES-100395,2026-10-05T10:03:00,Google,CAMP-002,Add to Cart
SES-100395,2026-10-05T10:05:00,Google,CAMP-002,Purchase
SES-100396,2026-10-05T10:00:00,Google,CAMP-002,Landing Page
SES-100396,2026-10-05T10:01:00,Google,CAMP-002,Product View
SES-100397,2026-10-05T10:00:00,Google,CAMP-002,Landing Page
SES-100398,2026-10-05T10:00:00,Google,CAMP-002,Landing Page
SES-100398,2026-10-05T10:01:00,Google,CAMP-002,Product View
SES-100399,2026-10-05T10:00:00,Google,CAMP-002,Landing Page
SES-100399,2026-10-05T10:01:00,Google,CAMP-002,Product View
SES-100400,2026-10-06T10:00:00,Google,CAMP-002,Landing Page
SES-100400,2026-10-06T10:01:00,Google,CAMP-002,Product View
SES-100401,2026-10-06T10:00:00,Google,CAMP-002,Landing Page
SES-100401,2026-10-06T10:01:00,Google,CAMP-002,Product View
SES-100402,2026-10-06T10:00:00,Google,CAMP-002,Landing Page
SES-100402,2026-10-06T10:01:00,Google,CAMP-002,Product View
SES-100402,2026-10-06T10:03:00,Google,CAMP-002,Add to Cart
SES-100403,2026-10-06T10:00:00,Google,CAMP-002,Landing Page
SES-100403,2026-10-06T10:01:00,Google,CAMP-002,Product View
SES-100404,2026-10-06T10:00:00,Google,CAMP-002,Landing Page
SES-100405,2026-10-06T10:00:00,Google,CAMP-002,Landing Page
SES-100405,2026-10-06T10:01:00,Google,CAMP-002,Product View
SES-100406,2026-10-06T10:00:00,Google,CAMP-002,Landing Page
SES-100407,2026-10-06T10:00:00,Google,CAMP-002,Landing Page
SES-100408,2026-10-06T10:00:00,Google,CAMP-002,Landing Page
SES-100408,2026-10-06T10:01:00,Google,CAMP-002,Product View
SES-100408,2026-10-06T10:03:00,Google,CAMP-002,Add to Cart
SES-100408,2026-10-06T10:05:00,Google,CAMP-002,Purchase
SES-100409,2026-10-06T10:00:00,Google,CAMP-002,Landing Page
SES-100409,2026-10-06T10:01:00,Google,CAMP-002,Product View
SES-100410,2026-10-06T10:00:00,Google,CAMP-002,Landing Page
SES-100411,2026-10-06T10:00:00,Google,CAMP-002,Landing Page
SES-100412,2026-10-06T10:00:00,Google,CAMP-002,Landing Page
SES-100413,2026-10-06T10:00:00,Google,CAMP-002,Landing Page
SES-100413,2026-10-06T10:01:00,Google,CAMP-002,Product View
SES-100414,2026-10-06T10:00:00,Google,CAMP-002,Landing Page
SES-100415,2026-10-06T10:00:00,Google,CAMP-002,Landing Page
SES-100416,2026-10-06T10:00:00,Google,CAMP-002,Landing Page
SES-100417,2026-10-06T10:00:00,Google,CAMP-002,Landing Page
SES-100417,2026-10-06T10:01:00,Google,CAMP-002,Product View
SES-100418,2026-10-06T10:00:00,Google,CAMP-002,Landing Page
SES-100418,2026-10-06T10:01:00,Google,CAMP-002,Product View
SES-100418,2026-10-06T10:03:00,Google,CAMP-002,Add to Cart
SES-100419,2026-10-06T10:00:00,Google,CAMP-002,Landing Page
SES-100419,2026-10-06T10:01:00,Google,CAMP-002,Product View
SES-100420,2026-10-06T10:00:00,Google,CAMP-002,Landing Page
SES-100420,2026-10-06T10:01:00,Google,CAMP-002,Product View
SES-100421,2026-10-06T10:00:00,Google,CAMP-002,Landing Page
SES-100422,2026-10-06T10:00:00,Google,CAMP-002,Landing Page
SES-100422,2026-10-06T10:01:00,Google,CAMP-002,Product View
SES-100423,2026-10-06T10:00:00,Google,CAMP-002,Landing Page
SES-100424,2026-10-06T10:00:00,Google,CAMP-002,Landing Page
SES-100425,2026-10-06T10:00:00,Google,CAMP-002,Landing Page
SES-100425,2026-10-06T10:01:00,Google,CAMP-002,Product View
SES-100425,2026-10-06T10:03:00,Google,CAMP-002,Add to Cart
SES-100426,2026-10-06T10:00:00,Google,CAMP-002,Landing Page
SES-100427,2026-10-06T10:00:00,Google,CAMP-002,Landing Page
SES-100427,2026-10-06T10:01:00,Google,CAMP-002,Product View
SES-100427,2026-10-06T10:03:00,Google,CAMP-002,Add to Cart
SES-100427,2026-10-06T10:05:00,Google,CAMP-002,Purchase
SES-100428,2026-10-06T10:00:00,Google,CAMP-002,Landing Page
SES-100428,2026-10-06T10:01:00,Google,CAMP-002,Product View
SES-100429,2026-10-06T10:00:00,Google,CAMP-002,Landing Page
SES-100429,2026-10-06T10:01:00,Google,CAMP-002,Product View
SES-100430,2026-10-06T10:00:00,Google,CAMP-002,Landing Page
SES-100430,2026-10-06T10:01:00,Google,CAMP-002,Product View
SES-100431,2026-10-06T10:00:00,Google,CAMP-002,Landing Page
SES-100432,2026-10-06T10:00:00,Google,CAMP-002,Landing Page
SES-100432,2026-10-06T10:01:00,Google,CAMP-002,Product View
SES-100432,2026-10-06T10:03:00,Google,CAMP-002,Add to Cart
SES-100432,2026-10-06T10:05:00,Google,CAMP-002,Purchase
SES-100433,2026-10-06T10:00:00,Google,CAMP-002,Landing Page
SES-100433,2026-10-06T10:01:00,Google,CAMP-002,Product View
SES-100434,2026-10-06T10:00:00,Google,CAMP-002,Landing Page
SES-100434,2026-10-06T10:01:00,Google,CAMP-002,Product View
SES-100435,2026-10-06T10:00:00,Google,CAMP-002,Landing Page
SES-100436,2026-10-06T10:00:00,Google,CAMP-002,Landing Page
SES-100436,2026-10-06T10:01:00,Google,CAMP-002,Product View
SES-100436,2026-10-06T10:03:00,Google,CAMP-002,Add to Cart
SES-100436,2026-10-06T10:05:00,Google,CAMP-002,Purchase
SES-100437,2026-10-06T10:00:00,Google,CAMP-002,Landing Page
SES-100437,2026-10-06T10:01:00,Google,CAMP-002,Product View
SES-100438,2026-10-06T10:00:00,Google,CAMP-002,Landing Page
SES-100439,2026-10-06T10:00:00,Google,CAMP-002,Landing Page
SES-100439,2026-10-06T10:01:00,Google,CAMP-002,Product View
SES-100440,2026-10-06T10:00:00,Google,CAMP-002,Landing Page
SES-100441,2026-10-06T10:00:00,Google,CAMP-002,Landing Page
SES-100442,2026-10-06T10:00:00,Google,CAMP-002,Landing Page
SES-100443,2026-10-06T10:00:00,Google,CAMP-002,Landing Page
SES-100444,2026-10-06T10:00:00,Google,CAMP-002,Landing Page
SES-100444,2026-10-06T10:01:00,Google,CAMP-002,Product View
SES-100445,2026-10-06T10:00:00,Google,CAMP-002,Landing Page
SES-100445,2026-10-06T10:01:00,Google,CAMP-002,Product View
SES-100446,2026-10-06T10:00:00,Google,CAMP-002,Landing Page
SES-100446,2026-10-06T10:01:00,Google,CAMP-002,Product View
SES-100446,2026-10-06T10:03:00,Google,CAMP-002,Add to Cart
SES-100446,2026-10-06T10:05:00,Google,CAMP-002,Purchase
SES-100447,2026-10-06T10:00:00,Google,CAMP-002,Landing Page
SES-100447,2026-10-06T10:01:00,Google,CAMP-002,Product View
SES-100448,2026-10-06T10:00:00,Google,CAMP-002,Landing Page
SES-100449,2026-10-06T10:00:00,Google,CAMP-002,Landing Page
SES-100449,2026-10-06T10:01:00,Google,CAMP-002,Product View
SES-100450,2026-10-07T10:00:00,Google,CAMP-002,Landing Page
SES-100450,2026-10-07T10:01:00,Google,CAMP-002,Product View
SES-100451,2026-10-07T10:00:00,Google,CAMP-002,Landing Page
SES-100451,2026-10-07T10:01:00,Google,CAMP-002,Product View
SES-100451,2026-10-07T10:03:00,Google,CAMP-002,Add to Cart
SES-100451,2026-10-07T10:05:00,Google,CAMP-002,Purchase
SES-100452,2026-10-07T10:00:00,Google,CAMP-002,Landing Page
SES-100452,2026-10-07T10:01:00,Google,CAMP-002,Product View
SES-100452,2026-10-07T10:03:00,Google,CAMP-002,Add to Cart
SES-100453,2026-10-07T10:00:00,Google,CAMP-002,Landing Page
SES-100453,2026-10-07T10:01:00,Google,CAMP-002,Product View
SES-100454,2026-10-07T10:00:00,Google,CAMP-002,Landing Page
SES-100455,2026-10-07T10:00:00,Google,CAMP-002,Landing Page
SES-100456,2026-10-07T10:00:00,Google,CAMP-002,Landing Page
SES-100457,2026-10-07T10:00:00,Google,CAMP-002,Landing Page
SES-100457,2026-10-07T10:01:00,Google,CAMP-002,Product View
SES-100458,2026-10-07T10:00:00,Google,CAMP-002,Landing Page
SES-100458,2026-10-07T10:01:00,Google,CAMP-002,Product View
SES-100459,2026-10-07T10:00:00,Google,CAMP-002,Landing Page
SES-100460,2026-10-07T10:00:00,Google,CAMP-002,Landing Page
SES-100461,2026-10-07T10:00:00,Google,CAMP-002,Landing Page
SES-100462,2026-10-07T10:00:00,Google,CAMP-002,Landing Page
SES-100462,2026-10-07T10:01:00,Google,CAMP-002,Product View
SES-100463,2026-10-07T10:00:00,Google,CAMP-002,Landing Page
SES-100464,2026-10-07T10:00:00,Google,CAMP-002,Landing Page
SES-100465,2026-10-07T10:00:00,Google,CAMP-002,Landing Page
SES-100465,2026-10-07T10:01:00,Google,CAMP-002,Product View
SES-100466,2026-10-07T10:00:00,Google,CAMP-002,Landing Page
SES-100467,2026-10-07T10:00:00,Google,CAMP-002,Landing Page
SES-100468,2026-10-07T10:00:00,Google,CAMP-002,Landing Page
SES-100468,2026-10-07T10:01:00,Google,CAMP-002,Product View
SES-100469,2026-10-07T10:00:00,Google,CAMP-002,Landing Page
SES-100469,2026-10-07T10:01:00,Google,CAMP-002,Product View
SES-100470,2026-10-07T10:00:00,Google,CAMP-002,Landing Page
SES-100470,2026-10-07T10:01:00,Google,CAMP-002,Product View
SES-100471,2026-10-07T10:00:00,Google,CAMP-002,Landing Page
SES-100472,2026-10-07T10:00:00,Google,CAMP-002,Landing Page
SES-100472,2026-10-07T10:01:00,Google,CAMP-002,Product View
SES-100473,2026-10-07T10:00:00,Google,CAMP-002,Landing Page
SES-100474,2026-10-07T10:00:00,Google,CAMP-002,Landing Page
SES-100475,2026-10-07T10:00:00,Google,CAMP-002,Landing Page
SES-100475,2026-10-07T10:01:00,Google,CAMP-002,Product View
SES-100476,2026-10-07T10:00:00,Google,CAMP-002,Landing Page
SES-100477,2026-10-07T10:00:00,Google,CAMP-002,Landing Page
SES-100478,2026-10-07T10:00:00,Google,CAMP-002,Landing Page
SES-100478,2026-10-07T10:01:00,Google,CAMP-002,Product View
SES-100478,2026-10-07T10:03:00,Google,CAMP-002,Add to Cart
SES-100479,2026-10-07T10:00:00,Google,CAMP-002,Landing Page
SES-100479,2026-10-07T10:01:00,Google,CAMP-002,Product View
SES-100480,2026-10-07T10:00:00,Google,CAMP-002,Landing Page
SES-100480,2026-10-07T10:01:00,Google,CAMP-002,Product View
SES-100481,2026-10-07T10:00:00,Google,CAMP-002,Landing Page
SES-100481,2026-10-07T10:01:00,Google,CAMP-002,Product View
SES-100481,2026-10-07T10:03:00,Google,CAMP-002,Add to Cart
SES-100481,2026-10-07T10:05:00,Google,CAMP-002,Purchase
SES-100482,2026-10-07T10:00:00,Google,CAMP-002,Landing Page
SES-100483,2026-10-07T10:00:00,Google,CAMP-002,Landing Page
SES-100483,2026-10-07T10:01:00,Google,CAMP-002,Product View
SES-100484,2026-10-07T10:00:00,Google,CAMP-002,Landing Page
SES-100485,2026-10-07T10:00:00,Google,CAMP-002,Landing Page
SES-100485,2026-10-07T10:01:00,Google,CAMP-002,Product View
SES-100486,2026-10-07T10:00:00,Google,CAMP-002,Landing Page
SES-100487,2026-10-07T10:00:00,Google,CAMP-002,Landing Page
SES-100487,2026-10-07T10:01:00,Google,CAMP-002,Product View
SES-100488,2026-10-07T10:00:00,Google,CAMP-002,Landing Page
SES-100489,2026-10-07T10:00:00,Google,CAMP-002,Landing Page
SES-100489,2026-10-07T10:01:00,Google,CAMP-002,Product View
SES-100490,2026-10-07T10:00:00,Google,CAMP-002,Landing Page
SES-100491,2026-10-07T10:00:00,Google,CAMP-002,Landing Page
SES-100492,2026-10-07T10:00:00,Google,CAMP-002,Landing Page
SES-100492,2026-10-07T10:01:00,Google,CAMP-002,Product View
SES-100492,2026-10-07T10:03:00,Google,CAMP-002,Add to Cart
SES-100493,2026-10-07T10:00:00,Google,CAMP-002,Landing Page
SES-100493,2026-10-07T10:01:00,Google,CAMP-002,Product View
SES-100494,2026-10-07T10:00:00,Google,CAMP-002,Landing Page
SES-100495,2026-10-07T10:00:00,Google,CAMP-002,Landing Page
SES-100495,2026-10-07T10:01:00,Google,CAMP-002,Product View
SES-100495,2026-10-07T10:03:00,Google,CAMP-002,Add to Cart
SES-100496,2026-10-07T10:00:00,Google,CAMP-002,Landing Page
SES-100496,2026-10-07T10:01:00,Google,CAMP-002,Product View
SES-100496,2026-10-07T10:03:00,Google,CAMP-002,Add to Cart
SES-100497,2026-10-07T10:00:00,Google,CAMP-002,Landing Page
SES-100498,2026-10-07T10:00:00,Google,CAMP-002,Landing Page
SES-100499,2026-10-07T10:00:00,Google,CAMP-002,Landing Page
SES-100499,2026-10-07T10:01:00,Google,CAMP-002,Product View
SES-100500,2026-10-03T10:00:00,Google,CAMP-003,Landing Page
SES-100500,2026-10-03T10:01:00,Google,CAMP-003,Product View
SES-100501,2026-10-03T10:00:00,Google,CAMP-003,Landing Page
SES-100502,2026-10-03T10:00:00,Google,CAMP-003,Landing Page
SES-100503,2026-10-03T10:00:00,Google,CAMP-003,Landing Page
SES-100504,2026-10-03T10:00:00,Google,CAMP-003,Landing Page
SES-100504,2026-10-03T10:01:00,Google,CAMP-003,Product View
SES-100505,2026-10-03T10:00:00,Google,CAMP-003,Landing Page
SES-100506,2026-10-03T10:00:00,Google,CAMP-003,Landing Page
SES-100507,2026-10-03T10:00:00,Google,CAMP-003,Landing Page
SES-100507,2026-10-03T10:01:00,Google,CAMP-003,Product View
SES-100508,2026-10-03T10:00:00,Google,CAMP-003,Landing Page
SES-100508,2026-10-03T10:01:00,Google,CAMP-003,Product View
SES-100509,2026-10-03T10:00:00,Google,CAMP-003,Landing Page
SES-100509,2026-10-03T10:01:00,Google,CAMP-003,Product View
SES-100510,2026-10-03T10:00:00,Google,CAMP-003,Landing Page
SES-100511,2026-10-03T10:00:00,Google,CAMP-003,Landing Page
SES-100511,2026-10-03T10:01:00,Google,CAMP-003,Product View
SES-100512,2026-10-03T10:00:00,Google,CAMP-003,Landing Page
SES-100512,2026-10-03T10:01:00,Google,CAMP-003,Product View
SES-100513,2026-10-03T10:00:00,Google,CAMP-003,Landing Page
SES-100514,2026-10-03T10:00:00,Google,CAMP-003,Landing Page
SES-100514,2026-10-03T10:01:00,Google,CAMP-003,Product View
SES-100515,2026-10-03T10:00:00,Google,CAMP-003,Landing Page
SES-100516,2026-10-03T10:00:00,Google,CAMP-003,Landing Page
SES-100516,2026-10-03T10:01:00,Google,CAMP-003,Product View
SES-100517,2026-10-03T10:00:00,Google,CAMP-003,Landing Page
SES-100518,2026-10-03T10:00:00,Google,CAMP-003,Landing Page
SES-100518,2026-10-03T10:01:00,Google,CAMP-003,Product View
SES-100519,2026-10-03T10:00:00,Google,CAMP-003,Landing Page
SES-100519,2026-10-03T10:01:00,Google,CAMP-003,Product View
SES-100520,2026-10-03T10:00:00,Google,CAMP-003,Landing Page
SES-100520,2026-10-03T10:01:00,Google,CAMP-003,Product View
SES-100521,2026-10-03T10:00:00,Google,CAMP-003,Landing Page
SES-100522,2026-10-03T10:00:00,Google,CAMP-003,Landing Page
SES-100523,2026-10-03T10:00:00,Google,CAMP-003,Landing Page
SES-100524,2026-10-03T10:00:00,Google,CAMP-003,Landing Page
SES-100525,2026-10-03T10:00:00,Google,CAMP-003,Landing Page
SES-100525,2026-10-03T10:01:00,Google,CAMP-003,Product View
SES-100526,2026-10-03T10:00:00,Google,CAMP-003,Landing Page
SES-100527,2026-10-03T10:00:00,Google,CAMP-003,Landing Page
SES-100528,2026-10-03T10:00:00,Google,CAMP-003,Landing Page
SES-100528,2026-10-03T10:01:00,Google,CAMP-003,Product View
SES-100529,2026-10-03T10:00:00,Google,CAMP-003,Landing Page
SES-100529,2026-10-03T10:01:00,Google,CAMP-003,Product View
SES-100529,2026-10-03T10:03:00,Google,CAMP-003,Add to Cart
SES-100530,2026-10-03T10:00:00,Google,CAMP-003,Landing Page
SES-100530,2026-10-03T10:01:00,Google,CAMP-003,Product View
SES-100530,2026-10-03T10:03:00,Google,CAMP-003,Add to Cart
SES-100531,2026-10-03T10:00:00,Google,CAMP-003,Landing Page
SES-100532,2026-10-03T10:00:00,Google,CAMP-003,Landing Page
SES-100533,2026-10-03T10:00:00,Google,CAMP-003,Landing Page
SES-100533,2026-10-03T10:01:00,Google,CAMP-003,Product View
SES-100534,2026-10-03T10:00:00,Google,CAMP-003,Landing Page
SES-100534,2026-10-03T10:01:00,Google,CAMP-003,Product View
SES-100535,2026-10-03T10:00:00,Google,CAMP-003,Landing Page
SES-100536,2026-10-03T10:00:00,Google,CAMP-003,Landing Page
SES-100537,2026-10-03T10:00:00,Google,CAMP-003,Landing Page
SES-100538,2026-10-03T10:00:00,Google,CAMP-003,Landing Page
SES-100538,2026-10-03T10:01:00,Google,CAMP-003,Product View
SES-100539,2026-10-03T10:00:00,Google,CAMP-003,Landing Page
SES-100539,2026-10-03T10:01:00,Google,CAMP-003,Product View
SES-100540,2026-10-03T10:00:00,Google,CAMP-003,Landing Page
SES-100540,2026-10-03T10:01:00,Google,CAMP-003,Product View
SES-100541,2026-10-03T10:00:00,Google,CAMP-003,Landing Page
SES-100541,2026-10-03T10:01:00,Google,CAMP-003,Product View
SES-100542,2026-10-03T10:00:00,Google,CAMP-003,Landing Page
SES-100543,2026-10-03T10:00:00,Google,CAMP-003,Landing Page
SES-100544,2026-10-03T10:00:00,Google,CAMP-003,Landing Page
SES-100545,2026-10-03T10:00:00,Google,CAMP-003,Landing Page
SES-100546,2026-10-03T10:00:00,Google,CAMP-003,Landing Page
SES-100546,2026-10-03T10:01:00,Google,CAMP-003,Product View
SES-100547,2026-10-03T10:00:00,Google,CAMP-003,Landing Page
SES-100548,2026-10-03T10:00:00,Google,CAMP-003,Landing Page
SES-100548,2026-10-03T10:01:00,Google,CAMP-003,Product View
SES-100548,2026-10-03T10:03:00,Google,CAMP-003,Add to Cart
SES-100548,2026-10-03T10:05:00,Google,CAMP-003,Purchase
SES-100549,2026-10-03T10:00:00,Google,CAMP-003,Landing Page
SES-100549,2026-10-03T10:01:00,Google,CAMP-003,Product View
SES-100550,2026-10-04T10:00:00,Google,CAMP-003,Landing Page
SES-100550,2026-10-04T10:01:00,Google,CAMP-003,Product View
SES-100551,2026-10-04T10:00:00,Google,CAMP-003,Landing Page
SES-100552,2026-10-04T10:00:00,Google,CAMP-003,Landing Page
SES-100552,2026-10-04T10:01:00,Google,CAMP-003,Product View
SES-100553,2026-10-04T10:00:00,Google,CAMP-003,Landing Page
SES-100554,2026-10-04T10:00:00,Google,CAMP-003,Landing Page
SES-100555,2026-10-04T10:00:00,Google,CAMP-003,Landing Page
SES-100555,2026-10-04T10:01:00,Google,CAMP-003,Product View
SES-100556,2026-10-04T10:00:00,Google,CAMP-003,Landing Page
SES-100557,2026-10-04T10:00:00,Google,CAMP-003,Landing Page
SES-100558,2026-10-04T10:00:00,Google,CAMP-003,Landing Page
SES-100558,2026-10-04T10:01:00,Google,CAMP-003,Product View
SES-100558,2026-10-04T10:03:00,Google,CAMP-003,Add to Cart
SES-100559,2026-10-04T10:00:00,Google,CAMP-003,Landing Page
SES-100559,2026-10-04T10:01:00,Google,CAMP-003,Product View
SES-100559,2026-10-04T10:03:00,Google,CAMP-003,Add to Cart
SES-100559,2026-10-04T10:05:00,Google,CAMP-003,Purchase
SES-100560,2026-10-04T10:00:00,Google,CAMP-003,Landing Page
SES-100560,2026-10-04T10:01:00,Google,CAMP-003,Product View
SES-100561,2026-10-04T10:00:00,Google,CAMP-003,Landing Page
SES-100561,2026-10-04T10:01:00,Google,CAMP-003,Product View
SES-100561,2026-10-04T10:03:00,Google,CAMP-003,Add to Cart
SES-100561,2026-10-04T10:05:00,Google,CAMP-003,Purchase
SES-100562,2026-10-04T10:00:00,Google,CAMP-003,Landing Page
SES-100562,2026-10-04T10:01:00,Google,CAMP-003,Product View
SES-100563,2026-10-04T10:00:00,Google,CAMP-003,Landing Page
SES-100563,2026-10-04T10:01:00,Google,CAMP-003,Product View
SES-100563,2026-10-04T10:03:00,Google,CAMP-003,Add to Cart
SES-100564,2026-10-04T10:00:00,Google,CAMP-003,Landing Page
SES-100564,2026-10-04T10:01:00,Google,CAMP-003,Product View
SES-100564,2026-10-04T10:03:00,Google,CAMP-003,Add to Cart
SES-100565,2026-10-04T10:00:00,Google,CAMP-003,Landing Page
SES-100565,2026-10-04T10:01:00,Google,CAMP-003,Product View
SES-100566,2026-10-04T10:00:00,Google,CAMP-003,Landing Page
SES-100566,2026-10-04T10:01:00,Google,CAMP-003,Product View
SES-100567,2026-10-04T10:00:00,Google,CAMP-003,Landing Page
SES-100567,2026-10-04T10:01:00,Google,CAMP-003,Product View
SES-100568,2026-10-04T10:00:00,Google,CAMP-003,Landing Page
SES-100568,2026-10-04T10:01:00,Google,CAMP-003,Product View
SES-100569,2026-10-04T10:00:00,Google,CAMP-003,Landing Page
SES-100569,2026-10-04T10:01:00,Google,CAMP-003,Product View
SES-100570,2026-10-04T10:00:00,Google,CAMP-003,Landing Page
SES-100570,2026-10-04T10:01:00,Google,CAMP-003,Product View
SES-100571,2026-10-04T10:00:00,Google,CAMP-003,Landing Page
SES-100572,2026-10-04T10:00:00,Google,CAMP-003,Landing Page
SES-100573,2026-10-04T10:00:00,Google,CAMP-003,Landing Page
SES-100574,2026-10-04T10:00:00,Google,CAMP-003,Landing Page
SES-100574,2026-10-04T10:01:00,Google,CAMP-003,Product View
SES-100574,2026-10-04T10:03:00,Google,CAMP-003,Add to Cart
SES-100574,2026-10-04T10:05:00,Google,CAMP-003,Purchase
SES-100575,2026-10-04T10:00:00,Google,CAMP-003,Landing Page
SES-100575,2026-10-04T10:01:00,Google,CAMP-003,Product View
SES-100575,2026-10-04T10:03:00,Google,CAMP-003,Add to Cart
SES-100576,2026-10-04T10:00:00,Google,CAMP-003,Landing Page
SES-100577,2026-10-04T10:00:00,Google,CAMP-003,Landing Page
SES-100577,2026-10-04T10:01:00,Google,CAMP-003,Product View
SES-100578,2026-10-04T10:00:00,Google,CAMP-003,Landing Page
SES-100578,2026-10-04T10:01:00,Google,CAMP-003,Product View
SES-100579,2026-10-04T10:00:00,Google,CAMP-003,Landing Page
SES-100579,2026-10-04T10:01:00,Google,CAMP-003,Product View
SES-100580,2026-10-04T10:00:00,Google,CAMP-003,Landing Page
SES-100581,2026-10-04T10:00:00,Google,CAMP-003,Landing Page
SES-100581,2026-10-04T10:01:00,Google,CAMP-003,Product View
SES-100582,2026-10-04T10:00:00,Google,CAMP-003,Landing Page
SES-100583,2026-10-04T10:00:00,Google,CAMP-003,Landing Page
SES-100583,2026-10-04T10:01:00,Google,CAMP-003,Product View
SES-100584,2026-10-04T10:00:00,Google,CAMP-003,Landing Page
SES-100585,2026-10-04T10:00:00,Google,CAMP-003,Landing Page
SES-100585,2026-10-04T10:01:00,Google,CAMP-003,Product View
SES-100586,2026-10-04T10:00:00,Google,CAMP-003,Landing Page
SES-100587,2026-10-04T10:00:00,Google,CAMP-003,Landing Page
SES-100588,2026-10-04T10:00:00,Google,CAMP-003,Landing Page
SES-100588,2026-10-04T10:01:00,Google,CAMP-003,Product View
SES-100589,2026-10-04T10:00:00,Google,CAMP-003,Landing Page
SES-100589,2026-10-04T10:01:00,Google,CAMP-003,Product View
SES-100590,2026-10-04T10:00:00,Google,CAMP-003,Landing Page
SES-100591,2026-10-04T10:00:00,Google,CAMP-003,Landing Page
SES-100591,2026-10-04T10:01:00,Google,CAMP-003,Product View
SES-100592,2026-10-04T10:00:00,Google,CAMP-003,Landing Page
SES-100593,2026-10-04T10:00:00,Google,CAMP-003,Landing Page
SES-100593,2026-10-04T10:01:00,Google,CAMP-003,Product View
SES-100594,2026-10-04T10:00:00,Google,CAMP-003,Landing Page
SES-100594,2026-10-04T10:01:00,Google,CAMP-003,Product View
SES-100595,2026-10-04T10:00:00,Google,CAMP-003,Landing Page
SES-100596,2026-10-04T10:00:00,Google,CAMP-003,Landing Page
SES-100596,2026-10-04T10:01:00,Google,CAMP-003,Product View
SES-100597,2026-10-04T10:00:00,Google,CAMP-003,Landing Page
SES-100597,2026-10-04T10:01:00,Google,CAMP-003,Product View
SES-100598,2026-10-04T10:00:00,Google,CAMP-003,Landing Page
SES-100598,2026-10-04T10:01:00,Google,CAMP-003,Product View
SES-100598,2026-10-04T10:03:00,Google,CAMP-003,Add to Cart
SES-100599,2026-10-04T10:00:00,Google,CAMP-003,Landing Page
SES-100600,2026-10-05T10:00:00,Google,CAMP-003,Landing Page
SES-100600,2026-10-05T10:01:00,Google,CAMP-003,Product View
SES-100601,2026-10-05T10:00:00,Google,CAMP-003,Landing Page
SES-100602,2026-10-05T10:00:00,Google,CAMP-003,Landing Page
SES-100603,2026-10-05T10:00:00,Google,CAMP-003,Landing Page
SES-100603,2026-10-05T10:01:00,Google,CAMP-003,Product View
SES-100603,2026-10-05T10:03:00,Google,CAMP-003,Add to Cart
SES-100604,2026-10-05T10:00:00,Google,CAMP-003,Landing Page
SES-100605,2026-10-05T10:00:00,Google,CAMP-003,Landing Page
SES-100605,2026-10-05T10:01:00,Google,CAMP-003,Product View
SES-100606,2026-10-05T10:00:00,Google,CAMP-003,Landing Page
SES-100607,2026-10-05T10:00:00,Google,CAMP-003,Landing Page
SES-100607,2026-10-05T10:01:00,Google,CAMP-003,Product View
SES-100608,2026-10-05T10:00:00,Google,CAMP-003,Landing Page
SES-100609,2026-10-05T10:00:00,Google,CAMP-003,Landing Page
SES-100610,2026-10-05T10:00:00,Google,CAMP-003,Landing Page
SES-100610,2026-10-05T10:01:00,Google,CAMP-003,Product View
SES-100611,2026-10-05T10:00:00,Google,CAMP-003,Landing Page
SES-100611,2026-10-05T10:01:00,Google,CAMP-003,Product View
SES-100612,2026-10-05T10:00:00,Google,CAMP-003,Landing Page
SES-100613,2026-10-05T10:00:00,Google,CAMP-003,Landing Page
SES-100613,2026-10-05T10:01:00,Google,CAMP-003,Product View
SES-100614,2026-10-05T10:00:00,Google,CAMP-003,Landing Page
SES-100615,2026-10-05T10:00:00,Google,CAMP-003,Landing Page
SES-100615,2026-10-05T10:01:00,Google,CAMP-003,Product View
SES-100616,2026-10-05T10:00:00,Google,CAMP-003,Landing Page
SES-100616,2026-10-05T10:01:00,Google,CAMP-003,Product View
SES-100617,2026-10-05T10:00:00,Google,CAMP-003,Landing Page
SES-100618,2026-10-05T10:00:00,Google,CAMP-003,Landing Page
SES-100619,2026-10-05T10:00:00,Google,CAMP-003,Landing Page
SES-100619,2026-10-05T10:01:00,Google,CAMP-003,Product View
SES-100620,2026-10-05T10:00:00,Google,CAMP-003,Landing Page
SES-100621,2026-10-05T10:00:00,Google,CAMP-003,Landing Page
SES-100621,2026-10-05T10:01:00,Google,CAMP-003,Product View
SES-100622,2026-10-05T10:00:00,Google,CAMP-003,Landing Page
SES-100623,2026-10-05T10:00:00,Google,CAMP-003,Landing Page
SES-100623,2026-10-05T10:01:00,Google,CAMP-003,Product View
SES-100624,2026-10-05T10:00:00,Google,CAMP-003,Landing Page
SES-100624,2026-10-05T10:01:00,Google,CAMP-003,Product View
SES-100624,2026-10-05T10:03:00,Google,CAMP-003,Add to Cart
SES-100625,2026-10-05T10:00:00,Google,CAMP-003,Landing Page
SES-100626,2026-10-05T10:00:00,Google,CAMP-003,Landing Page
SES-100626,2026-10-05T10:01:00,Google,CAMP-003,Product View
SES-100627,2026-10-05T10:00:00,Google,CAMP-003,Landing Page
SES-100627,2026-10-05T10:01:00,Google,CAMP-003,Product View
SES-100628,2026-10-05T10:00:00,Google,CAMP-003,Landing Page
SES-100628,2026-10-05T10:01:00,Google,CAMP-003,Product View
SES-100629,2026-10-05T10:00:00,Google,CAMP-003,Landing Page
SES-100630,2026-10-05T10:00:00,Google,CAMP-003,Landing Page
SES-100631,2026-10-05T10:00:00,Google,CAMP-003,Landing Page
SES-100631,2026-10-05T10:01:00,Google,CAMP-003,Product View
SES-100632,2026-10-05T10:00:00,Google,CAMP-003,Landing Page
SES-100633,2026-10-05T10:00:00,Google,CAMP-003,Landing Page
SES-100633,2026-10-05T10:01:00,Google,CAMP-003,Product View
SES-100634,2026-10-05T10:00:00,Google,CAMP-003,Landing Page
SES-100635,2026-10-05T10:00:00,Google,CAMP-003,Landing Page
SES-100635,2026-10-05T10:01:00,Google,CAMP-003,Product View
SES-100635,2026-10-05T10:03:00,Google,CAMP-003,Add to Cart
SES-100636,2026-10-05T10:00:00,Google,CAMP-003,Landing Page
SES-100637,2026-10-05T10:00:00,Google,CAMP-003,Landing Page
SES-100638,2026-10-05T10:00:00,Google,CAMP-003,Landing Page
SES-100638,2026-10-05T10:01:00,Google,CAMP-003,Product View
SES-100639,2026-10-05T10:00:00,Google,CAMP-003,Landing Page
SES-100639,2026-10-05T10:01:00,Google,CAMP-003,Product View
SES-100639,2026-10-05T10:03:00,Google,CAMP-003,Add to Cart
SES-100640,2026-10-05T10:00:00,Google,CAMP-003,Landing Page
SES-100640,2026-10-05T10:01:00,Google,CAMP-003,Product View
SES-100640,2026-10-05T10:03:00,Google,CAMP-003,Add to Cart
SES-100641,2026-10-05T10:00:00,Google,CAMP-003,Landing Page
SES-100641,2026-10-05T10:01:00,Google,CAMP-003,Product View
SES-100642,2026-10-05T10:00:00,Google,CAMP-003,Landing Page
SES-100642,2026-10-05T10:01:00,Google,CAMP-003,Product View
SES-100643,2026-10-05T10:00:00,Google,CAMP-003,Landing Page
SES-100643,2026-10-05T10:01:00,Google,CAMP-003,Product View
SES-100643,2026-10-05T10:03:00,Google,CAMP-003,Add to Cart
SES-100644,2026-10-05T10:00:00,Google,CAMP-003,Landing Page
SES-100645,2026-10-05T10:00:00,Google,CAMP-003,Landing Page
SES-100645,2026-10-05T10:01:00,Google,CAMP-003,Product View
SES-100646,2026-10-05T10:00:00,Google,CAMP-003,Landing Page
SES-100647,2026-10-05T10:00:00,Google,CAMP-003,Landing Page
SES-100647,2026-10-05T10:01:00,Google,CAMP-003,Product View
SES-100647,2026-10-05T10:03:00,Google,CAMP-003,Add to Cart
SES-100647,2026-10-05T10:05:00,Google,CAMP-003,Purchase
SES-100648,2026-10-05T10:00:00,Google,CAMP-003,Landing Page
SES-100649,2026-10-05T10:00:00,Google,CAMP-003,Landing Page
SES-100649,2026-10-05T10:01:00,Google,CAMP-003,Product View
SES-100650,2026-10-06T10:00:00,Google,CAMP-003,Landing Page
SES-100650,2026-10-06T10:01:00,Google,CAMP-003,Product View
SES-100651,2026-10-06T10:00:00,Google,CAMP-003,Landing Page
SES-100652,2026-10-06T10:00:00,Google,CAMP-003,Landing Page
SES-100652,2026-10-06T10:01:00,Google,CAMP-003,Product View
SES-100653,2026-10-06T10:00:00,Google,CAMP-003,Landing Page
SES-100654,2026-10-06T10:00:00,Google,CAMP-003,Landing Page
SES-100654,2026-10-06T10:01:00,Google,CAMP-003,Product View
SES-100654,2026-10-06T10:03:00,Google,CAMP-003,Add to Cart
SES-100655,2026-10-06T10:00:00,Google,CAMP-003,Landing Page
SES-100656,2026-10-06T10:00:00,Google,CAMP-003,Landing Page
SES-100656,2026-10-06T10:01:00,Google,CAMP-003,Product View
SES-100656,2026-10-06T10:03:00,Google,CAMP-003,Add to Cart
SES-100657,2026-10-06T10:00:00,Google,CAMP-003,Landing Page
SES-100658,2026-10-06T10:00:00,Google,CAMP-003,Landing Page
SES-100659,2026-10-06T10:00:00,Google,CAMP-003,Landing Page
SES-100660,2026-10-06T10:00:00,Google,CAMP-003,Landing Page
SES-100660,2026-10-06T10:01:00,Google,CAMP-003,Product View
SES-100661,2026-10-06T10:00:00,Google,CAMP-003,Landing Page
SES-100661,2026-10-06T10:01:00,Google,CAMP-003,Product View
SES-100662,2026-10-06T10:00:00,Google,CAMP-003,Landing Page
SES-100663,2026-10-06T10:00:00,Google,CAMP-003,Landing Page
SES-100663,2026-10-06T10:01:00,Google,CAMP-003,Product View
SES-100664,2026-10-06T10:00:00,Google,CAMP-003,Landing Page
SES-100664,2026-10-06T10:01:00,Google,CAMP-003,Product View
SES-100664,2026-10-06T10:03:00,Google,CAMP-003,Add to Cart
SES-100664,2026-10-06T10:05:00,Google,CAMP-003,Purchase
SES-100665,2026-10-06T10:00:00,Google,CAMP-003,Landing Page
SES-100666,2026-10-06T10:00:00,Google,CAMP-003,Landing Page
SES-100666,2026-10-06T10:01:00,Google,CAMP-003,Product View
SES-100666,2026-10-06T10:03:00,Google,CAMP-003,Add to Cart
SES-100667,2026-10-06T10:00:00,Google,CAMP-003,Landing Page
SES-100667,2026-10-06T10:01:00,Google,CAMP-003,Product View
SES-100668,2026-10-06T10:00:00,Google,CAMP-003,Landing Page
SES-100668,2026-10-06T10:01:00,Google,CAMP-003,Product View
SES-100669,2026-10-06T10:00:00,Google,CAMP-003,Landing Page
SES-100669,2026-10-06T10:01:00,Google,CAMP-003,Product View
SES-100670,2026-10-06T10:00:00,Google,CAMP-003,Landing Page
SES-100670,2026-10-06T10:01:00,Google,CAMP-003,Product View
SES-100670,2026-10-06T10:03:00,Google,CAMP-003,Add to Cart
SES-100671,2026-10-06T10:00:00,Google,CAMP-003,Landing Page
SES-100672,2026-10-06T10:00:00,Google,CAMP-003,Landing Page
SES-100672,2026-10-06T10:01:00,Google,CAMP-003,Product View
SES-100673,2026-10-06T10:00:00,Google,CAMP-003,Landing Page
SES-100674,2026-10-06T10:00:00,Google,CAMP-003,Landing Page
SES-100674,2026-10-06T10:01:00,Google,CAMP-003,Product View
SES-100675,2026-10-06T10:00:00,Google,CAMP-003,Landing Page
SES-100675,2026-10-06T10:01:00,Google,CAMP-003,Product View
SES-100676,2026-10-06T10:00:00,Google,CAMP-003,Landing Page
SES-100677,2026-10-06T10:00:00,Google,CAMP-003,Landing Page
SES-100677,2026-10-06T10:01:00,Google,CAMP-003,Product View
SES-100678,2026-10-06T10:00:00,Google,CAMP-003,Landing Page
SES-100678,2026-10-06T10:01:00,Google,CAMP-003,Product View
SES-100679,2026-10-06T10:00:00,Google,CAMP-003,Landing Page
SES-100679,2026-10-06T10:01:00,Google,CAMP-003,Product View
SES-100680,2026-10-06T10:00:00,Google,CAMP-003,Landing Page
SES-100680,2026-10-06T10:01:00,Google,CAMP-003,Product View
SES-100680,2026-10-06T10:03:00,Google,CAMP-003,Add to Cart
SES-100680,2026-10-06T10:05:00,Google,CAMP-003,Purchase
SES-100681,2026-10-06T10:00:00,Google,CAMP-003,Landing Page
SES-100682,2026-10-06T10:00:00,Google,CAMP-003,Landing Page
SES-100682,2026-10-06T10:01:00,Google,CAMP-003,Product View
SES-100683,2026-10-06T10:00:00,Google,CAMP-003,Landing Page
SES-100683,2026-10-06T10:01:00,Google,CAMP-003,Product View
SES-100684,2026-10-06T10:00:00,Google,CAMP-003,Landing Page
SES-100685,2026-10-06T10:00:00,Google,CAMP-003,Landing Page
SES-100685,2026-10-06T10:01:00,Google,CAMP-003,Product View
SES-100686,2026-10-06T10:00:00,Google,CAMP-003,Landing Page
SES-100686,2026-10-06T10:01:00,Google,CAMP-003,Product View
SES-100687,2026-10-06T10:00:00,Google,CAMP-003,Landing Page
SES-100687,2026-10-06T10:01:00,Google,CAMP-003,Product View
SES-100688,2026-10-06T10:00:00,Google,CAMP-003,Landing Page
SES-100688,2026-10-06T10:01:00,Google,CAMP-003,Product View
SES-100689,2026-10-06T10:00:00,Google,CAMP-003,Landing Page
SES-100689,2026-10-06T10:01:00,Google,CAMP-003,Product View
SES-100690,2026-10-06T10:00:00,Google,CAMP-003,Landing Page
SES-100690,2026-10-06T10:01:00,Google,CAMP-003,Product View
SES-100691,2026-10-06T10:00:00,Google,CAMP-003,Landing Page
SES-100691,2026-10-06T10:01:00,Google,CAMP-003,Product View
SES-100692,2026-10-06T10:00:00,Google,CAMP-003,Landing Page
SES-100692,2026-10-06T10:01:00,Google,CAMP-003,Product View
SES-100692,2026-10-06T10:03:00,Google,CAMP-003,Add to Cart
SES-100692,2026-10-06T10:05:00,Google,CAMP-003,Purchase
SES-100693,2026-10-06T10:00:00,Google,CAMP-003,Landing Page
SES-100693,2026-10-06T10:01:00,Google,CAMP-003,Product View
SES-100694,2026-10-06T10:00:00,Google,CAMP-003,Landing Page
SES-100694,2026-10-06T10:01:00,Google,CAMP-003,Product View
SES-100694,2026-10-06T10:03:00,Google,CAMP-003,Add to Cart
SES-100695,2026-10-06T10:00:00,Google,CAMP-003,Landing Page
SES-100695,2026-10-06T10:01:00,Google,CAMP-003,Product View
SES-100696,2026-10-06T10:00:00,Google,CAMP-003,Landing Page
SES-100697,2026-10-06T10:00:00,Google,CAMP-003,Landing Page
SES-100697,2026-10-06T10:01:00,Google,CAMP-003,Product View
SES-100698,2026-10-06T10:00:00,Google,CAMP-003,Landing Page
SES-100698,2026-10-06T10:01:00,Google,CAMP-003,Product View
SES-100699,2026-10-06T10:00:00,Google,CAMP-003,Landing Page
SES-100700,2026-10-07T10:00:00,Google,CAMP-003,Landing Page
SES-100701,2026-10-07T10:00:00,Google,CAMP-003,Landing Page
SES-100702,2026-10-07T10:00:00,Google,CAMP-003,Landing Page
SES-100702,2026-10-07T10:01:00,Google,CAMP-003,Product View
SES-100702,2026-10-07T10:03:00,Google,CAMP-003,Add to Cart
SES-100703,2026-10-07T10:00:00,Google,CAMP-003,Landing Page
SES-100703,2026-10-07T10:01:00,Google,CAMP-003,Product View
SES-100704,2026-10-07T10:00:00,Google,CAMP-003,Landing Page
SES-100704,2026-10-07T10:01:00,Google,CAMP-003,Product View
SES-100705,2026-10-07T10:00:00,Google,CAMP-003,Landing Page
SES-100705,2026-10-07T10:01:00,Google,CAMP-003,Product View
SES-100705,2026-10-07T10:03:00,Google,CAMP-003,Add to Cart
SES-100706,2026-10-07T10:00:00,Google,CAMP-003,Landing Page
SES-100706,2026-10-07T10:01:00,Google,CAMP-003,Product View
SES-100707,2026-10-07T10:00:00,Google,CAMP-003,Landing Page
SES-100707,2026-10-07T10:01:00,Google,CAMP-003,Product View
SES-100708,2026-10-07T10:00:00,Google,CAMP-003,Landing Page
SES-100709,2026-10-07T10:00:00,Google,CAMP-003,Landing Page
SES-100710,2026-10-07T10:00:00,Google,CAMP-003,Landing Page
SES-100710,2026-10-07T10:01:00,Google,CAMP-003,Product View
SES-100711,2026-10-07T10:00:00,Google,CAMP-003,Landing Page
SES-100711,2026-10-07T10:01:00,Google,CAMP-003,Product View
SES-100711,2026-10-07T10:03:00,Google,CAMP-003,Add to Cart
SES-100712,2026-10-07T10:00:00,Google,CAMP-003,Landing Page
SES-100713,2026-10-07T10:00:00,Google,CAMP-003,Landing Page
SES-100713,2026-10-07T10:01:00,Google,CAMP-003,Product View
SES-100713,2026-10-07T10:03:00,Google,CAMP-003,Add to Cart
SES-100713,2026-10-07T10:05:00,Google,CAMP-003,Purchase
SES-100714,2026-10-07T10:00:00,Google,CAMP-003,Landing Page
SES-100714,2026-10-07T10:01:00,Google,CAMP-003,Product View
SES-100714,2026-10-07T10:03:00,Google,CAMP-003,Add to Cart
SES-100714,2026-10-07T10:05:00,Google,CAMP-003,Purchase
SES-100715,2026-10-07T10:00:00,Google,CAMP-003,Landing Page
SES-100715,2026-10-07T10:01:00,Google,CAMP-003,Product View
SES-100716,2026-10-07T10:00:00,Google,CAMP-003,Landing Page
SES-100716,2026-10-07T10:01:00,Google,CAMP-003,Product View
SES-100717,2026-10-07T10:00:00,Google,CAMP-003,Landing Page
SES-100717,2026-10-07T10:01:00,Google,CAMP-003,Product View
SES-100718,2026-10-07T10:00:00,Google,CAMP-003,Landing Page
SES-100718,2026-10-07T10:01:00,Google,CAMP-003,Product View
SES-100719,2026-10-07T10:00:00,Google,CAMP-003,Landing Page
SES-100719,2026-10-07T10:01:00,Google,CAMP-003,Product View
SES-100719,2026-10-07T10:03:00,Google,CAMP-003,Add to Cart
SES-100720,2026-10-07T10:00:00,Google,CAMP-003,Landing Page
SES-100721,2026-10-07T10:00:00,Google,CAMP-003,Landing Page
SES-100721,2026-10-07T10:01:00,Google,CAMP-003,Product View
SES-100722,2026-10-07T10:00:00,Google,CAMP-003,Landing Page
SES-100722,2026-10-07T10:01:00,Google,CAMP-003,Product View
SES-100723,2026-10-07T10:00:00,Google,CAMP-003,Landing Page
SES-100724,2026-10-07T10:00:00,Google,CAMP-003,Landing Page
SES-100724,2026-10-07T10:01:00,Google,CAMP-003,Product View
SES-100724,2026-10-07T10:03:00,Google,CAMP-003,Add to Cart
SES-100725,2026-10-07T10:00:00,Google,CAMP-003,Landing Page
SES-100725,2026-10-07T10:01:00,Google,CAMP-003,Product View
SES-100726,2026-10-07T10:00:00,Google,CAMP-003,Landing Page
SES-100727,2026-10-07T10:00:00,Google,CAMP-003,Landing Page
SES-100728,2026-10-07T10:00:00,Google,CAMP-003,Landing Page
SES-100728,2026-10-07T10:01:00,Google,CAMP-003,Product View
SES-100729,2026-10-07T10:00:00,Google,CAMP-003,Landing Page
SES-100729,2026-10-07T10:01:00,Google,CAMP-003,Product View
SES-100730,2026-10-07T10:00:00,Google,CAMP-003,Landing Page
SES-100731,2026-10-07T10:00:00,Google,CAMP-003,Landing Page
SES-100731,2026-10-07T10:01:00,Google,CAMP-003,Product View
SES-100732,2026-10-07T10:00:00,Google,CAMP-003,Landing Page
SES-100732,2026-10-07T10:01:00,Google,CAMP-003,Product View
SES-100733,2026-10-07T10:00:00,Google,CAMP-003,Landing Page
SES-100733,2026-10-07T10:01:00,Google,CAMP-003,Product View
SES-100734,2026-10-07T10:00:00,Google,CAMP-003,Landing Page
SES-100734,2026-10-07T10:01:00,Google,CAMP-003,Product View
SES-100734,2026-10-07T10:03:00,Google,CAMP-003,Add to Cart
SES-100734,2026-10-07T10:05:00,Google,CAMP-003,Purchase
SES-100735,2026-10-07T10:00:00,Google,CAMP-003,Landing Page
SES-100735,2026-10-07T10:01:00,Google,CAMP-003,Product View
SES-100736,2026-10-07T10:00:00,Google,CAMP-003,Landing Page
SES-100737,2026-10-07T10:00:00,Google,CAMP-003,Landing Page
SES-100737,2026-10-07T10:01:00,Google,CAMP-003,Product View
SES-100737,2026-10-07T10:03:00,Google,CAMP-003,Add to Cart
SES-100737,2026-10-07T10:05:00,Google,CAMP-003,Purchase
SES-100738,2026-10-07T10:00:00,Google,CAMP-003,Landing Page
SES-100739,2026-10-07T10:00:00,Google,CAMP-003,Landing Page
SES-100739,2026-10-07T10:01:00,Google,CAMP-003,Product View
SES-100740,2026-10-07T10:00:00,Google,CAMP-003,Landing Page
SES-100740,2026-10-07T10:01:00,Google,CAMP-003,Product View
SES-100741,2026-10-07T10:00:00,Google,CAMP-003,Landing Page
SES-100742,2026-10-07T10:00:00,Google,CAMP-003,Landing Page
SES-100742,2026-10-07T10:01:00,Google,CAMP-003,Product View
SES-100743,2026-10-07T10:00:00,Google,CAMP-003,Landing Page
SES-100744,2026-10-07T10:00:00,Google,CAMP-003,Landing Page
SES-100745,2026-10-07T10:00:00,Google,CAMP-003,Landing Page
SES-100745,2026-10-07T10:01:00,Google,CAMP-003,Product View
SES-100745,2026-10-07T10:03:00,Google,CAMP-003,Add to Cart
SES-100746,2026-10-07T10:00:00,Google,CAMP-003,Landing Page
SES-100747,2026-10-07T10:00:00,Google,CAMP-003,Landing Page
SES-100748,2026-10-07T10:00:00,Google,CAMP-003,Landing Page
SES-100748,2026-10-07T10:01:00,Google,CAMP-003,Product View
SES-100748,2026-10-07T10:03:00,Google,CAMP-003,Add to Cart
SES-100749,2026-10-07T10:00:00,Google,CAMP-003,Landing Page
SES-100749,2026-10-07T10:01:00,Google,CAMP-003,Product View
SES-100750,2026-10-03T10:00:00,TikTok,CAMP-004,Landing Page
SES-100750,2026-10-03T10:01:00,TikTok,CAMP-004,Product View
SES-100751,2026-10-03T10:00:00,TikTok,CAMP-004,Landing Page
SES-100751,2026-10-03T10:01:00,TikTok,CAMP-004,Product View
SES-100752,2026-10-03T10:00:00,TikTok,CAMP-004,Landing Page
SES-100753,2026-10-03T10:00:00,TikTok,CAMP-004,Landing Page
SES-100754,2026-10-03T10:00:00,TikTok,CAMP-004,Landing Page
SES-100754,2026-10-03T10:01:00,TikTok,CAMP-004,Product View
SES-100754,2026-10-03T10:03:00,TikTok,CAMP-004,Add to Cart
SES-100755,2026-10-03T10:00:00,TikTok,CAMP-004,Landing Page
SES-100755,2026-10-03T10:01:00,TikTok,CAMP-004,Product View
SES-100756,2026-10-03T10:00:00,TikTok,CAMP-004,Landing Page
SES-100757,2026-10-03T10:00:00,TikTok,CAMP-004,Landing Page
SES-100757,2026-10-03T10:01:00,TikTok,CAMP-004,Product View
SES-100758,2026-10-03T10:00:00,TikTok,CAMP-004,Landing Page
SES-100759,2026-10-03T10:00:00,TikTok,CAMP-004,Landing Page
SES-100760,2026-10-03T10:00:00,TikTok,CAMP-004,Landing Page
SES-100760,2026-10-03T10:01:00,TikTok,CAMP-004,Product View
SES-100761,2026-10-03T10:00:00,TikTok,CAMP-004,Landing Page
SES-100761,2026-10-03T10:01:00,TikTok,CAMP-004,Product View
SES-100761,2026-10-03T10:03:00,TikTok,CAMP-004,Add to Cart
SES-100761,2026-10-03T10:05:00,TikTok,CAMP-004,Purchase
SES-100762,2026-10-03T10:00:00,TikTok,CAMP-004,Landing Page
SES-100762,2026-10-03T10:01:00,TikTok,CAMP-004,Product View
SES-100762,2026-10-03T10:03:00,TikTok,CAMP-004,Add to Cart
SES-100762,2026-10-03T10:05:00,TikTok,CAMP-004,Purchase
SES-100763,2026-10-03T10:00:00,TikTok,CAMP-004,Landing Page
SES-100764,2026-10-03T10:00:00,TikTok,CAMP-004,Landing Page
SES-100764,2026-10-03T10:01:00,TikTok,CAMP-004,Product View
SES-100765,2026-10-03T10:00:00,TikTok,CAMP-004,Landing Page
SES-100765,2026-10-03T10:01:00,TikTok,CAMP-004,Product View
SES-100766,2026-10-03T10:00:00,TikTok,CAMP-004,Landing Page
SES-100766,2026-10-03T10:01:00,TikTok,CAMP-004,Product View
SES-100766,2026-10-03T10:03:00,TikTok,CAMP-004,Add to Cart
SES-100767,2026-10-03T10:00:00,TikTok,CAMP-004,Landing Page
SES-100768,2026-10-03T10:00:00,TikTok,CAMP-004,Landing Page
SES-100768,2026-10-03T10:01:00,TikTok,CAMP-004,Product View
SES-100769,2026-10-03T10:00:00,TikTok,CAMP-004,Landing Page
SES-100769,2026-10-03T10:01:00,TikTok,CAMP-004,Product View
SES-100770,2026-10-03T10:00:00,TikTok,CAMP-004,Landing Page
SES-100770,2026-10-03T10:01:00,TikTok,CAMP-004,Product View
SES-100771,2026-10-03T10:00:00,TikTok,CAMP-004,Landing Page
SES-100771,2026-10-03T10:01:00,TikTok,CAMP-004,Product View
SES-100772,2026-10-03T10:00:00,TikTok,CAMP-004,Landing Page
SES-100772,2026-10-03T10:01:00,TikTok,CAMP-004,Product View
SES-100773,2026-10-03T10:00:00,TikTok,CAMP-004,Landing Page
SES-100774,2026-10-03T10:00:00,TikTok,CAMP-004,Landing Page
SES-100774,2026-10-03T10:01:00,TikTok,CAMP-004,Product View
SES-100775,2026-10-03T10:00:00,TikTok,CAMP-004,Landing Page
SES-100775,2026-10-03T10:01:00,TikTok,CAMP-004,Product View
SES-100776,2026-10-03T10:00:00,TikTok,CAMP-004,Landing Page
SES-100776,2026-10-03T10:01:00,TikTok,CAMP-004,Product View
SES-100776,2026-10-03T10:03:00,TikTok,CAMP-004,Add to Cart
SES-100776,2026-10-03T10:05:00,TikTok,CAMP-004,Purchase
SES-100777,2026-10-03T10:00:00,TikTok,CAMP-004,Landing Page
SES-100778,2026-10-03T10:00:00,TikTok,CAMP-004,Landing Page
SES-100778,2026-10-03T10:01:00,TikTok,CAMP-004,Product View
SES-100778,2026-10-03T10:03:00,TikTok,CAMP-004,Add to Cart
SES-100779,2026-10-03T10:00:00,TikTok,CAMP-004,Landing Page
SES-100780,2026-10-03T10:00:00,TikTok,CAMP-004,Landing Page
SES-100781,2026-10-03T10:00:00,TikTok,CAMP-004,Landing Page
SES-100782,2026-10-03T10:00:00,TikTok,CAMP-004,Landing Page
SES-100782,2026-10-03T10:01:00,TikTok,CAMP-004,Product View
SES-100783,2026-10-03T10:00:00,TikTok,CAMP-004,Landing Page
SES-100784,2026-10-03T10:00:00,TikTok,CAMP-004,Landing Page
SES-100784,2026-10-03T10:01:00,TikTok,CAMP-004,Product View
SES-100784,2026-10-03T10:03:00,TikTok,CAMP-004,Add to Cart
SES-100784,2026-10-03T10:05:00,TikTok,CAMP-004,Purchase
SES-100785,2026-10-03T10:00:00,TikTok,CAMP-004,Landing Page
SES-100785,2026-10-03T10:01:00,TikTok,CAMP-004,Product View
SES-100786,2026-10-03T10:00:00,TikTok,CAMP-004,Landing Page
SES-100786,2026-10-03T10:01:00,TikTok,CAMP-004,Product View
SES-100786,2026-10-03T10:03:00,TikTok,CAMP-004,Add to Cart
SES-100787,2026-10-03T10:00:00,TikTok,CAMP-004,Landing Page
SES-100787,2026-10-03T10:01:00,TikTok,CAMP-004,Product View
SES-100788,2026-10-03T10:00:00,TikTok,CAMP-004,Landing Page
SES-100789,2026-10-03T10:00:00,TikTok,CAMP-004,Landing Page
SES-100789,2026-10-03T10:01:00,TikTok,CAMP-004,Product View
SES-100790,2026-10-03T10:00:00,TikTok,CAMP-004,Landing Page
SES-100790,2026-10-03T10:01:00,TikTok,CAMP-004,Product View
SES-100791,2026-10-03T10:00:00,TikTok,CAMP-004,Landing Page
SES-100792,2026-10-03T10:00:00,TikTok,CAMP-004,Landing Page
SES-100792,2026-10-03T10:01:00,TikTok,CAMP-004,Product View
SES-100792,2026-10-03T10:03:00,TikTok,CAMP-004,Add to Cart
SES-100792,2026-10-03T10:05:00,TikTok,CAMP-004,Purchase
SES-100793,2026-10-03T10:00:00,TikTok,CAMP-004,Landing Page
SES-100793,2026-10-03T10:01:00,TikTok,CAMP-004,Product View
SES-100794,2026-10-03T10:00:00,TikTok,CAMP-004,Landing Page
SES-100794,2026-10-03T10:01:00,TikTok,CAMP-004,Product View
SES-100795,2026-10-03T10:00:00,TikTok,CAMP-004,Landing Page
SES-100796,2026-10-03T10:00:00,TikTok,CAMP-004,Landing Page
SES-100796,2026-10-03T10:01:00,TikTok,CAMP-004,Product View
SES-100797,2026-10-03T10:00:00,TikTok,CAMP-004,Landing Page
SES-100797,2026-10-03T10:01:00,TikTok,CAMP-004,Product View
SES-100797,2026-10-03T10:03:00,TikTok,CAMP-004,Add to Cart
SES-100797,2026-10-03T10:05:00,TikTok,CAMP-004,Purchase
SES-100798,2026-10-03T10:00:00,TikTok,CAMP-004,Landing Page
SES-100799,2026-10-03T10:00:00,TikTok,CAMP-004,Landing Page
SES-100799,2026-10-03T10:01:00,TikTok,CAMP-004,Product View
SES-100799,2026-10-03T10:03:00,TikTok,CAMP-004,Add to Cart
SES-100800,2026-10-04T10:00:00,TikTok,CAMP-004,Landing Page
SES-100801,2026-10-04T10:00:00,TikTok,CAMP-004,Landing Page
SES-100801,2026-10-04T10:01:00,TikTok,CAMP-004,Product View
SES-100802,2026-10-04T10:00:00,TikTok,CAMP-004,Landing Page
SES-100802,2026-10-04T10:01:00,TikTok,CAMP-004,Product View
SES-100802,2026-10-04T10:03:00,TikTok,CAMP-004,Add to Cart
SES-100803,2026-10-04T10:00:00,TikTok,CAMP-004,Landing Page
SES-100803,2026-10-04T10:01:00,TikTok,CAMP-004,Product View
SES-100804,2026-10-04T10:00:00,TikTok,CAMP-004,Landing Page
SES-100804,2026-10-04T10:01:00,TikTok,CAMP-004,Product View
SES-100805,2026-10-04T10:00:00,TikTok,CAMP-004,Landing Page
SES-100805,2026-10-04T10:01:00,TikTok,CAMP-004,Product View
SES-100806,2026-10-04T10:00:00,TikTok,CAMP-004,Landing Page
SES-100806,2026-10-04T10:01:00,TikTok,CAMP-004,Product View
SES-100807,2026-10-04T10:00:00,TikTok,CAMP-004,Landing Page
SES-100807,2026-10-04T10:01:00,TikTok,CAMP-004,Product View
SES-100808,2026-10-04T10:00:00,TikTok,CAMP-004,Landing Page
SES-100808,2026-10-04T10:01:00,TikTok,CAMP-004,Product View
SES-100809,2026-10-04T10:00:00,TikTok,CAMP-004,Landing Page
SES-100809,2026-10-04T10:01:00,TikTok,CAMP-004,Product View
SES-100810,2026-10-04T10:00:00,TikTok,CAMP-004,Landing Page
SES-100810,2026-10-04T10:01:00,TikTok,CAMP-004,Product View
SES-100811,2026-10-04T10:00:00,TikTok,CAMP-004,Landing Page
SES-100811,2026-10-04T10:01:00,TikTok,CAMP-004,Product View
SES-100812,2026-10-04T10:00:00,TikTok,CAMP-004,Landing Page
SES-100813,2026-10-04T10:00:00,TikTok,CAMP-004,Landing Page
SES-100813,2026-10-04T10:01:00,TikTok,CAMP-004,Product View
SES-100814,2026-10-04T10:00:00,TikTok,CAMP-004,Landing Page
SES-100814,2026-10-04T10:01:00,TikTok,CAMP-004,Product View
SES-100814,2026-10-04T10:03:00,TikTok,CAMP-004,Add to Cart
SES-100814,2026-10-04T10:05:00,TikTok,CAMP-004,Purchase
SES-100815,2026-10-04T10:00:00,TikTok,CAMP-004,Landing Page
SES-100816,2026-10-04T10:00:00,TikTok,CAMP-004,Landing Page
SES-100817,2026-10-04T10:00:00,TikTok,CAMP-004,Landing Page
SES-100817,2026-10-04T10:01:00,TikTok,CAMP-004,Product View
SES-100818,2026-10-04T10:00:00,TikTok,CAMP-004,Landing Page
SES-100818,2026-10-04T10:01:00,TikTok,CAMP-004,Product View
SES-100819,2026-10-04T10:00:00,TikTok,CAMP-004,Landing Page
SES-100819,2026-10-04T10:01:00,TikTok,CAMP-004,Product View
SES-100820,2026-10-04T10:00:00,TikTok,CAMP-004,Landing Page
SES-100821,2026-10-04T10:00:00,TikTok,CAMP-004,Landing Page
SES-100821,2026-10-04T10:01:00,TikTok,CAMP-004,Product View
SES-100822,2026-10-04T10:00:00,TikTok,CAMP-004,Landing Page
SES-100822,2026-10-04T10:01:00,TikTok,CAMP-004,Product View
SES-100823,2026-10-04T10:00:00,TikTok,CAMP-004,Landing Page
SES-100823,2026-10-04T10:01:00,TikTok,CAMP-004,Product View
SES-100824,2026-10-04T10:00:00,TikTok,CAMP-004,Landing Page
SES-100825,2026-10-04T10:00:00,TikTok,CAMP-004,Landing Page
SES-100825,2026-10-04T10:01:00,TikTok,CAMP-004,Product View
SES-100826,2026-10-04T10:00:00,TikTok,CAMP-004,Landing Page
SES-100826,2026-10-04T10:01:00,TikTok,CAMP-004,Product View
SES-100827,2026-10-04T10:00:00,TikTok,CAMP-004,Landing Page
SES-100827,2026-10-04T10:01:00,TikTok,CAMP-004,Product View
SES-100828,2026-10-04T10:00:00,TikTok,CAMP-004,Landing Page
SES-100829,2026-10-04T10:00:00,TikTok,CAMP-004,Landing Page
SES-100830,2026-10-04T10:00:00,TikTok,CAMP-004,Landing Page
SES-100830,2026-10-04T10:01:00,TikTok,CAMP-004,Product View
SES-100831,2026-10-04T10:00:00,TikTok,CAMP-004,Landing Page
SES-100831,2026-10-04T10:01:00,TikTok,CAMP-004,Product View
SES-100832,2026-10-04T10:00:00,TikTok,CAMP-004,Landing Page
SES-100832,2026-10-04T10:01:00,TikTok,CAMP-004,Product View
SES-100833,2026-10-04T10:00:00,TikTok,CAMP-004,Landing Page
SES-100834,2026-10-04T10:00:00,TikTok,CAMP-004,Landing Page
SES-100835,2026-10-04T10:00:00,TikTok,CAMP-004,Landing Page
SES-100836,2026-10-04T10:00:00,TikTok,CAMP-004,Landing Page
SES-100837,2026-10-04T10:00:00,TikTok,CAMP-004,Landing Page
SES-100838,2026-10-04T10:00:00,TikTok,CAMP-004,Landing Page
SES-100839,2026-10-04T10:00:00,TikTok,CAMP-004,Landing Page
SES-100839,2026-10-04T10:01:00,TikTok,CAMP-004,Product View
SES-100839,2026-10-04T10:03:00,TikTok,CAMP-004,Add to Cart
SES-100840,2026-10-04T10:00:00,TikTok,CAMP-004,Landing Page
SES-100840,2026-10-04T10:01:00,TikTok,CAMP-004,Product View
SES-100841,2026-10-04T10:00:00,TikTok,CAMP-004,Landing Page
SES-100842,2026-10-04T10:00:00,TikTok,CAMP-004,Landing Page
SES-100843,2026-10-04T10:00:00,TikTok,CAMP-004,Landing Page
SES-100843,2026-10-04T10:01:00,TikTok,CAMP-004,Product View
SES-100843,2026-10-04T10:03:00,TikTok,CAMP-004,Add to Cart
SES-100843,2026-10-04T10:05:00,TikTok,CAMP-004,Purchase
SES-100844,2026-10-04T10:00:00,TikTok,CAMP-004,Landing Page
SES-100844,2026-10-04T10:01:00,TikTok,CAMP-004,Product View
SES-100845,2026-10-04T10:00:00,TikTok,CAMP-004,Landing Page
SES-100846,2026-10-04T10:00:00,TikTok,CAMP-004,Landing Page
SES-100846,2026-10-04T10:01:00,TikTok,CAMP-004,Product View
SES-100847,2026-10-04T10:00:00,TikTok,CAMP-004,Landing Page
SES-100847,2026-10-04T10:01:00,TikTok,CAMP-004,Product View
SES-100848,2026-10-04T10:00:00,TikTok,CAMP-004,Landing Page
SES-100849,2026-10-04T10:00:00,TikTok,CAMP-004,Landing Page
SES-100850,2026-10-05T10:00:00,TikTok,CAMP-004,Landing Page
SES-100850,2026-10-05T10:01:00,TikTok,CAMP-004,Product View
SES-100851,2026-10-05T10:00:00,TikTok,CAMP-004,Landing Page
SES-100851,2026-10-05T10:01:00,TikTok,CAMP-004,Product View
SES-100852,2026-10-05T10:00:00,TikTok,CAMP-004,Landing Page
SES-100852,2026-10-05T10:01:00,TikTok,CAMP-004,Product View
SES-100853,2026-10-05T10:00:00,TikTok,CAMP-004,Landing Page
SES-100853,2026-10-05T10:01:00,TikTok,CAMP-004,Product View
SES-100854,2026-10-05T10:00:00,TikTok,CAMP-004,Landing Page
SES-100855,2026-10-05T10:00:00,TikTok,CAMP-004,Landing Page
SES-100855,2026-10-05T10:01:00,TikTok,CAMP-004,Product View
SES-100856,2026-10-05T10:00:00,TikTok,CAMP-004,Landing Page
SES-100856,2026-10-05T10:01:00,TikTok,CAMP-004,Product View
SES-100857,2026-10-05T10:00:00,TikTok,CAMP-004,Landing Page
SES-100857,2026-10-05T10:01:00,TikTok,CAMP-004,Product View
SES-100858,2026-10-05T10:00:00,TikTok,CAMP-004,Landing Page
SES-100859,2026-10-05T10:00:00,TikTok,CAMP-004,Landing Page
SES-100859,2026-10-05T10:01:00,TikTok,CAMP-004,Product View
SES-100860,2026-10-05T10:00:00,TikTok,CAMP-004,Landing Page
SES-100860,2026-10-05T10:01:00,TikTok,CAMP-004,Product View
SES-100861,2026-10-05T10:00:00,TikTok,CAMP-004,Landing Page
SES-100862,2026-10-05T10:00:00,TikTok,CAMP-004,Landing Page
SES-100862,2026-10-05T10:01:00,TikTok,CAMP-004,Product View
SES-100863,2026-10-05T10:00:00,TikTok,CAMP-004,Landing Page
SES-100864,2026-10-05T10:00:00,TikTok,CAMP-004,Landing Page
SES-100864,2026-10-05T10:01:00,TikTok,CAMP-004,Product View
SES-100865,2026-10-05T10:00:00,TikTok,CAMP-004,Landing Page
SES-100865,2026-10-05T10:01:00,TikTok,CAMP-004,Product View
SES-100866,2026-10-05T10:00:00,TikTok,CAMP-004,Landing Page
SES-100867,2026-10-05T10:00:00,TikTok,CAMP-004,Landing Page
SES-100867,2026-10-05T10:01:00,TikTok,CAMP-004,Product View
SES-100868,2026-10-05T10:00:00,TikTok,CAMP-004,Landing Page
SES-100868,2026-10-05T10:01:00,TikTok,CAMP-004,Product View
SES-100869,2026-10-05T10:00:00,TikTok,CAMP-004,Landing Page
SES-100870,2026-10-05T10:00:00,TikTok,CAMP-004,Landing Page
SES-100870,2026-10-05T10:01:00,TikTok,CAMP-004,Product View
SES-100870,2026-10-05T10:03:00,TikTok,CAMP-004,Add to Cart
SES-100871,2026-10-05T10:00:00,TikTok,CAMP-004,Landing Page
SES-100872,2026-10-05T10:00:00,TikTok,CAMP-004,Landing Page
SES-100873,2026-10-05T10:00:00,TikTok,CAMP-004,Landing Page
SES-100874,2026-10-05T10:00:00,TikTok,CAMP-004,Landing Page
SES-100874,2026-10-05T10:01:00,TikTok,CAMP-004,Product View
SES-100874,2026-10-05T10:03:00,TikTok,CAMP-004,Add to Cart
SES-100874,2026-10-05T10:05:00,TikTok,CAMP-004,Purchase
SES-100875,2026-10-05T10:00:00,TikTok,CAMP-004,Landing Page
SES-100876,2026-10-05T10:00:00,TikTok,CAMP-004,Landing Page
SES-100877,2026-10-05T10:00:00,TikTok,CAMP-004,Landing Page
SES-100878,2026-10-05T10:00:00,TikTok,CAMP-004,Landing Page
SES-100879,2026-10-05T10:00:00,TikTok,CAMP-004,Landing Page
SES-100879,2026-10-05T10:01:00,TikTok,CAMP-004,Product View
SES-100879,2026-10-05T10:03:00,TikTok,CAMP-004,Add to Cart
SES-100879,2026-10-05T10:05:00,TikTok,CAMP-004,Purchase
SES-100880,2026-10-05T10:00:00,TikTok,CAMP-004,Landing Page
SES-100880,2026-10-05T10:01:00,TikTok,CAMP-004,Product View
SES-100881,2026-10-05T10:00:00,TikTok,CAMP-004,Landing Page
SES-100881,2026-10-05T10:01:00,TikTok,CAMP-004,Product View
SES-100882,2026-10-05T10:00:00,TikTok,CAMP-004,Landing Page
SES-100882,2026-10-05T10:01:00,TikTok,CAMP-004,Product View
SES-100883,2026-10-05T10:00:00,TikTok,CAMP-004,Landing Page
SES-100883,2026-10-05T10:01:00,TikTok,CAMP-004,Product View
SES-100884,2026-10-05T10:00:00,TikTok,CAMP-004,Landing Page
SES-100885,2026-10-05T10:00:00,TikTok,CAMP-004,Landing Page
SES-100886,2026-10-05T10:00:00,TikTok,CAMP-004,Landing Page
SES-100886,2026-10-05T10:01:00,TikTok,CAMP-004,Product View
SES-100886,2026-10-05T10:03:00,TikTok,CAMP-004,Add to Cart
SES-100887,2026-10-05T10:00:00,TikTok,CAMP-004,Landing Page
SES-100887,2026-10-05T10:01:00,TikTok,CAMP-004,Product View
SES-100888,2026-10-05T10:00:00,TikTok,CAMP-004,Landing Page
SES-100888,2026-10-05T10:01:00,TikTok,CAMP-004,Product View
SES-100889,2026-10-05T10:00:00,TikTok,CAMP-004,Landing Page
SES-100890,2026-10-05T10:00:00,TikTok,CAMP-004,Landing Page
SES-100890,2026-10-05T10:01:00,TikTok,CAMP-004,Product View
SES-100891,2026-10-05T10:00:00,TikTok,CAMP-004,Landing Page
SES-100891,2026-10-05T10:01:00,TikTok,CAMP-004,Product View
SES-100891,2026-10-05T10:03:00,TikTok,CAMP-004,Add to Cart
SES-100892,2026-10-05T10:00:00,TikTok,CAMP-004,Landing Page
SES-100893,2026-10-05T10:00:00,TikTok,CAMP-004,Landing Page
SES-100894,2026-10-05T10:00:00,TikTok,CAMP-004,Landing Page
SES-100895,2026-10-05T10:00:00,TikTok,CAMP-004,Landing Page
SES-100895,2026-10-05T10:01:00,TikTok,CAMP-004,Product View
SES-100895,2026-10-05T10:03:00,TikTok,CAMP-004,Add to Cart
SES-100895,2026-10-05T10:05:00,TikTok,CAMP-004,Purchase
SES-100896,2026-10-05T10:00:00,TikTok,CAMP-004,Landing Page
SES-100896,2026-10-05T10:01:00,TikTok,CAMP-004,Product View
SES-100897,2026-10-05T10:00:00,TikTok,CAMP-004,Landing Page
SES-100898,2026-10-05T10:00:00,TikTok,CAMP-004,Landing Page
SES-100898,2026-10-05T10:01:00,TikTok,CAMP-004,Product View
SES-100899,2026-10-05T10:00:00,TikTok,CAMP-004,Landing Page
SES-100899,2026-10-05T10:01:00,TikTok,CAMP-004,Product View
SES-100899,2026-10-05T10:03:00,TikTok,CAMP-004,Add to Cart
SES-100899,2026-10-05T10:05:00,TikTok,CAMP-004,Purchase
SES-100900,2026-10-06T10:00:00,TikTok,CAMP-004,Landing Page
SES-100900,2026-10-06T10:01:00,TikTok,CAMP-004,Product View
SES-100901,2026-10-06T10:00:00,TikTok,CAMP-004,Landing Page
SES-100901,2026-10-06T10:01:00,TikTok,CAMP-004,Product View
SES-100902,2026-10-06T10:00:00,TikTok,CAMP-004,Landing Page
SES-100902,2026-10-06T10:01:00,TikTok,CAMP-004,Product View
SES-100902,2026-10-06T10:03:00,TikTok,CAMP-004,Add to Cart
SES-100902,2026-10-06T10:05:00,TikTok,CAMP-004,Purchase
SES-100903,2026-10-06T10:00:00,TikTok,CAMP-004,Landing Page
SES-100904,2026-10-06T10:00:00,TikTok,CAMP-004,Landing Page
SES-100905,2026-10-06T10:00:00,TikTok,CAMP-004,Landing Page
SES-100906,2026-10-06T10:00:00,TikTok,CAMP-004,Landing Page
SES-100906,2026-10-06T10:01:00,TikTok,CAMP-004,Product View
SES-100907,2026-10-06T10:00:00,TikTok,CAMP-004,Landing Page
SES-100907,2026-10-06T10:01:00,TikTok,CAMP-004,Product View
SES-100907,2026-10-06T10:03:00,TikTok,CAMP-004,Add to Cart
SES-100908,2026-10-06T10:00:00,TikTok,CAMP-004,Landing Page
SES-100908,2026-10-06T10:01:00,TikTok,CAMP-004,Product View
SES-100909,2026-10-06T10:00:00,TikTok,CAMP-004,Landing Page
SES-100909,2026-10-06T10:01:00,TikTok,CAMP-004,Product View
SES-100910,2026-10-06T10:00:00,TikTok,CAMP-004,Landing Page
SES-100911,2026-10-06T10:00:00,TikTok,CAMP-004,Landing Page
SES-100912,2026-10-06T10:00:00,TikTok,CAMP-004,Landing Page
SES-100913,2026-10-06T10:00:00,TikTok,CAMP-004,Landing Page
SES-100914,2026-10-06T10:00:00,TikTok,CAMP-004,Landing Page
SES-100914,2026-10-06T10:01:00,TikTok,CAMP-004,Product View
SES-100915,2026-10-06T10:00:00,TikTok,CAMP-004,Landing Page
SES-100915,2026-10-06T10:01:00,TikTok,CAMP-004,Product View
SES-100916,2026-10-06T10:00:00,TikTok,CAMP-004,Landing Page
SES-100917,2026-10-06T10:00:00,TikTok,CAMP-004,Landing Page
SES-100918,2026-10-06T10:00:00,TikTok,CAMP-004,Landing Page
SES-100918,2026-10-06T10:01:00,TikTok,CAMP-004,Product View
SES-100919,2026-10-06T10:00:00,TikTok,CAMP-004,Landing Page
SES-100920,2026-10-06T10:00:00,TikTok,CAMP-004,Landing Page
SES-100921,2026-10-06T10:00:00,TikTok,CAMP-004,Landing Page
SES-100921,2026-10-06T10:01:00,TikTok,CAMP-004,Product View
SES-100922,2026-10-06T10:00:00,TikTok,CAMP-004,Landing Page
SES-100922,2026-10-06T10:01:00,TikTok,CAMP-004,Product View
SES-100923,2026-10-06T10:00:00,TikTok,CAMP-004,Landing Page
SES-100923,2026-10-06T10:01:00,TikTok,CAMP-004,Product View
SES-100924,2026-10-06T10:00:00,TikTok,CAMP-004,Landing Page
SES-100924,2026-10-06T10:01:00,TikTok,CAMP-004,Product View
SES-100925,2026-10-06T10:00:00,TikTok,CAMP-004,Landing Page
SES-100925,2026-10-06T10:01:00,TikTok,CAMP-004,Product View
SES-100926,2026-10-06T10:00:00,TikTok,CAMP-004,Landing Page
SES-100927,2026-10-06T10:00:00,TikTok,CAMP-004,Landing Page
SES-100928,2026-10-06T10:00:00,TikTok,CAMP-004,Landing Page
SES-100928,2026-10-06T10:01:00,TikTok,CAMP-004,Product View
SES-100928,2026-10-06T10:03:00,TikTok,CAMP-004,Add to Cart
SES-100928,2026-10-06T10:05:00,TikTok,CAMP-004,Purchase
SES-100929,2026-10-06T10:00:00,TikTok,CAMP-004,Landing Page
SES-100929,2026-10-06T10:01:00,TikTok,CAMP-004,Product View
SES-100930,2026-10-06T10:00:00,TikTok,CAMP-004,Landing Page
SES-100930,2026-10-06T10:01:00,TikTok,CAMP-004,Product View
SES-100931,2026-10-06T10:00:00,TikTok,CAMP-004,Landing Page
SES-100931,2026-10-06T10:01:00,TikTok,CAMP-004,Product View
SES-100931,2026-10-06T10:03:00,TikTok,CAMP-004,Add to Cart
SES-100932,2026-10-06T10:00:00,TikTok,CAMP-004,Landing Page
SES-100933,2026-10-06T10:00:00,TikTok,CAMP-004,Landing Page
SES-100934,2026-10-06T10:00:00,TikTok,CAMP-004,Landing Page
SES-100935,2026-10-06T10:00:00,TikTok,CAMP-004,Landing Page
SES-100935,2026-10-06T10:01:00,TikTok,CAMP-004,Product View
SES-100935,2026-10-06T10:03:00,TikTok,CAMP-004,Add to Cart
SES-100936,2026-10-06T10:00:00,TikTok,CAMP-004,Landing Page
SES-100937,2026-10-06T10:00:00,TikTok,CAMP-004,Landing Page
SES-100938,2026-10-06T10:00:00,TikTok,CAMP-004,Landing Page
SES-100938,2026-10-06T10:01:00,TikTok,CAMP-004,Product View
SES-100938,2026-10-06T10:03:00,TikTok,CAMP-004,Add to Cart
SES-100939,2026-10-06T10:00:00,TikTok,CAMP-004,Landing Page
SES-100939,2026-10-06T10:01:00,TikTok,CAMP-004,Product View
SES-100940,2026-10-06T10:00:00,TikTok,CAMP-004,Landing Page
SES-100941,2026-10-06T10:00:00,TikTok,CAMP-004,Landing Page
SES-100942,2026-10-06T10:00:00,TikTok,CAMP-004,Landing Page
SES-100942,2026-10-06T10:01:00,TikTok,CAMP-004,Product View
SES-100942,2026-10-06T10:03:00,TikTok,CAMP-004,Add to Cart
SES-100942,2026-10-06T10:05:00,TikTok,CAMP-004,Purchase
SES-100943,2026-10-06T10:00:00,TikTok,CAMP-004,Landing Page
SES-100944,2026-10-06T10:00:00,TikTok,CAMP-004,Landing Page
SES-100944,2026-10-06T10:01:00,TikTok,CAMP-004,Product View
SES-100944,2026-10-06T10:03:00,TikTok,CAMP-004,Add to Cart
SES-100944,2026-10-06T10:05:00,TikTok,CAMP-004,Purchase
SES-100945,2026-10-06T10:00:00,TikTok,CAMP-004,Landing Page
SES-100945,2026-10-06T10:01:00,TikTok,CAMP-004,Product View
SES-100946,2026-10-06T10:00:00,TikTok,CAMP-004,Landing Page
SES-100947,2026-10-06T10:00:00,TikTok,CAMP-004,Landing Page
SES-100947,2026-10-06T10:01:00,TikTok,CAMP-004,Product View
SES-100948,2026-10-06T10:00:00,TikTok,CAMP-004,Landing Page
SES-100949,2026-10-06T10:00:00,TikTok,CAMP-004,Landing Page
SES-100950,2026-10-07T10:00:00,TikTok,CAMP-004,Landing Page
SES-100951,2026-10-07T10:00:00,TikTok,CAMP-004,Landing Page
SES-100952,2026-10-07T10:00:00,TikTok,CAMP-004,Landing Page
SES-100952,2026-10-07T10:01:00,TikTok,CAMP-004,Product View
SES-100953,2026-10-07T10:00:00,TikTok,CAMP-004,Landing Page
SES-100954,2026-10-07T10:00:00,TikTok,CAMP-004,Landing Page
SES-100954,2026-10-07T10:01:00,TikTok,CAMP-004,Product View
SES-100954,2026-10-07T10:03:00,TikTok,CAMP-004,Add to Cart
SES-100954,2026-10-07T10:05:00,TikTok,CAMP-004,Purchase
SES-100955,2026-10-07T10:00:00,TikTok,CAMP-004,Landing Page
SES-100955,2026-10-07T10:01:00,TikTok,CAMP-004,Product View
SES-100955,2026-10-07T10:03:00,TikTok,CAMP-004,Add to Cart
SES-100956,2026-10-07T10:00:00,TikTok,CAMP-004,Landing Page
SES-100956,2026-10-07T10:01:00,TikTok,CAMP-004,Product View
SES-100956,2026-10-07T10:03:00,TikTok,CAMP-004,Add to Cart
SES-100957,2026-10-07T10:00:00,TikTok,CAMP-004,Landing Page
SES-100958,2026-10-07T10:00:00,TikTok,CAMP-004,Landing Page
SES-100958,2026-10-07T10:01:00,TikTok,CAMP-004,Product View
SES-100959,2026-10-07T10:00:00,TikTok,CAMP-004,Landing Page
SES-100960,2026-10-07T10:00:00,TikTok,CAMP-004,Landing Page
SES-100961,2026-10-07T10:00:00,TikTok,CAMP-004,Landing Page
SES-100961,2026-10-07T10:01:00,TikTok,CAMP-004,Product View
SES-100962,2026-10-07T10:00:00,TikTok,CAMP-004,Landing Page
SES-100963,2026-10-07T10:00:00,TikTok,CAMP-004,Landing Page
SES-100964,2026-10-07T10:00:00,TikTok,CAMP-004,Landing Page
SES-100964,2026-10-07T10:01:00,TikTok,CAMP-004,Product View
SES-100964,2026-10-07T10:03:00,TikTok,CAMP-004,Add to Cart
SES-100964,2026-10-07T10:05:00,TikTok,CAMP-004,Purchase
SES-100965,2026-10-07T10:00:00,TikTok,CAMP-004,Landing Page
SES-100965,2026-10-07T10:01:00,TikTok,CAMP-004,Product View
SES-100965,2026-10-07T10:03:00,TikTok,CAMP-004,Add to Cart
SES-100965,2026-10-07T10:05:00,TikTok,CAMP-004,Purchase
SES-100966,2026-10-07T10:00:00,TikTok,CAMP-004,Landing Page
SES-100967,2026-10-07T10:00:00,TikTok,CAMP-004,Landing Page
SES-100967,2026-10-07T10:01:00,TikTok,CAMP-004,Product View
SES-100967,2026-10-07T10:03:00,TikTok,CAMP-004,Add to Cart
SES-100968,2026-10-07T10:00:00,TikTok,CAMP-004,Landing Page
SES-100968,2026-10-07T10:01:00,TikTok,CAMP-004,Product View
SES-100969,2026-10-07T10:00:00,TikTok,CAMP-004,Landing Page
SES-100970,2026-10-07T10:00:00,TikTok,CAMP-004,Landing Page
SES-100971,2026-10-07T10:00:00,TikTok,CAMP-004,Landing Page
SES-100972,2026-10-07T10:00:00,TikTok,CAMP-004,Landing Page
SES-100972,2026-10-07T10:01:00,TikTok,CAMP-004,Product View
SES-100973,2026-10-07T10:00:00,TikTok,CAMP-004,Landing Page
SES-100973,2026-10-07T10:01:00,TikTok,CAMP-004,Product View
SES-100974,2026-10-07T10:00:00,TikTok,CAMP-004,Landing Page
SES-100974,2026-10-07T10:01:00,TikTok,CAMP-004,Product View
SES-100975,2026-10-07T10:00:00,TikTok,CAMP-004,Landing Page
SES-100975,2026-10-07T10:01:00,TikTok,CAMP-004,Product View
SES-100976,2026-10-07T10:00:00,TikTok,CAMP-004,Landing Page
SES-100977,2026-10-07T10:00:00,TikTok,CAMP-004,Landing Page
SES-100977,2026-10-07T10:01:00,TikTok,CAMP-004,Product View
SES-100978,2026-10-07T10:00:00,TikTok,CAMP-004,Landing Page
SES-100979,2026-10-07T10:00:00,TikTok,CAMP-004,Landing Page
SES-100979,2026-10-07T10:01:00,TikTok,CAMP-004,Product View
SES-100980,2026-10-07T10:00:00,TikTok,CAMP-004,Landing Page
SES-100981,2026-10-07T10:00:00,TikTok,CAMP-004,Landing Page
SES-100982,2026-10-07T10:00:00,TikTok,CAMP-004,Landing Page
SES-100982,2026-10-07T10:01:00,TikTok,CAMP-004,Product View
SES-100983,2026-10-07T10:00:00,TikTok,CAMP-004,Landing Page
SES-100983,2026-10-07T10:01:00,TikTok,CAMP-004,Product View
SES-100984,2026-10-07T10:00:00,TikTok,CAMP-004,Landing Page
SES-100984,2026-10-07T10:01:00,TikTok,CAMP-004,Product View
SES-100985,2026-10-07T10:00:00,TikTok,CAMP-004,Landing Page
SES-100986,2026-10-07T10:00:00,TikTok,CAMP-004,Landing Page
SES-100986,2026-10-07T10:01:00,TikTok,CAMP-004,Product View
SES-100987,2026-10-07T10:00:00,TikTok,CAMP-004,Landing Page
SES-100987,2026-10-07T10:01:00,TikTok,CAMP-004,Product View
SES-100987,2026-10-07T10:03:00,TikTok,CAMP-004,Add to Cart
SES-100988,2026-10-07T10:00:00,TikTok,CAMP-004,Landing Page
SES-100988,2026-10-07T10:01:00,TikTok,CAMP-004,Product View
SES-100988,2026-10-07T10:03:00,TikTok,CAMP-004,Add to Cart
SES-100989,2026-10-07T10:00:00,TikTok,CAMP-004,Landing Page
SES-100990,2026-10-07T10:00:00,TikTok,CAMP-004,Landing Page
SES-100991,2026-10-07T10:00:00,TikTok,CAMP-004,Landing Page
SES-100991,2026-10-07T10:01:00,TikTok,CAMP-004,Product View
SES-100991,2026-10-07T10:03:00,TikTok,CAMP-004,Add to Cart
SES-100992,2026-10-07T10:00:00,TikTok,CAMP-004,Landing Page
SES-100992,2026-10-07T10:01:00,TikTok,CAMP-004,Product View
SES-100993,2026-10-07T10:00:00,TikTok,CAMP-004,Landing Page
SES-100994,2026-10-07T10:00:00,TikTok,CAMP-004,Landing Page
SES-100995,2026-10-07T10:00:00,TikTok,CAMP-004,Landing Page
SES-100995,2026-10-07T10:01:00,TikTok,CAMP-004,Product View
SES-100996,2026-10-07T10:00:00,TikTok,CAMP-004,Landing Page
SES-100997,2026-10-07T10:00:00,TikTok,CAMP-004,Landing Page
SES-100997,2026-10-07T10:01:00,TikTok,CAMP-004,Product View
SES-100998,2026-10-07T10:00:00,TikTok,CAMP-004,Landing Page
SES-100998,2026-10-07T10:01:00,TikTok,CAMP-004,Product View
SES-100999,2026-10-07T10:00:00,TikTok,CAMP-004,Landing Page
SES-101000,2026-10-03T10:00:00,Meta,CAMP-005,Landing Page
SES-101000,2026-10-03T10:01:00,Meta,CAMP-005,Product View
SES-101001,2026-10-03T10:00:00,Meta,CAMP-005,Landing Page
SES-101001,2026-10-03T10:01:00,Meta,CAMP-005,Product View
SES-101002,2026-10-03T10:00:00,Meta,CAMP-005,Landing Page
SES-101002,2026-10-03T10:01:00,Meta,CAMP-005,Product View
SES-101003,2026-10-03T10:00:00,Meta,CAMP-005,Landing Page
SES-101003,2026-10-03T10:01:00,Meta,CAMP-005,Product View
SES-101004,2026-10-03T10:00:00,Meta,CAMP-005,Landing Page
SES-101005,2026-10-03T10:00:00,Meta,CAMP-005,Landing Page
SES-101005,2026-10-03T10:01:00,Meta,CAMP-005,Product View
SES-101005,2026-10-03T10:03:00,Meta,CAMP-005,Add to Cart
SES-101006,2026-10-03T10:00:00,Meta,CAMP-005,Landing Page
SES-101007,2026-10-03T10:00:00,Meta,CAMP-005,Landing Page
SES-101007,2026-10-03T10:01:00,Meta,CAMP-005,Product View
SES-101008,2026-10-03T10:00:00,Meta,CAMP-005,Landing Page
SES-101009,2026-10-03T10:00:00,Meta,CAMP-005,Landing Page
SES-101010,2026-10-03T10:00:00,Meta,CAMP-005,Landing Page
SES-101011,2026-10-03T10:00:00,Meta,CAMP-005,Landing Page
SES-101012,2026-10-03T10:00:00,Meta,CAMP-005,Landing Page
SES-101012,2026-10-03T10:01:00,Meta,CAMP-005,Product View
SES-101013,2026-10-03T10:00:00,Meta,CAMP-005,Landing Page
SES-101013,2026-10-03T10:01:00,Meta,CAMP-005,Product View
SES-101014,2026-10-03T10:00:00,Meta,CAMP-005,Landing Page
SES-101014,2026-10-03T10:01:00,Meta,CAMP-005,Product View
SES-101014,2026-10-03T10:03:00,Meta,CAMP-005,Add to Cart
SES-101014,2026-10-03T10:05:00,Meta,CAMP-005,Purchase
SES-101015,2026-10-03T10:00:00,Meta,CAMP-005,Landing Page
SES-101015,2026-10-03T10:01:00,Meta,CAMP-005,Product View
SES-101015,2026-10-03T10:03:00,Meta,CAMP-005,Add to Cart
SES-101015,2026-10-03T10:05:00,Meta,CAMP-005,Purchase
SES-101016,2026-10-03T10:00:00,Meta,CAMP-005,Landing Page
SES-101017,2026-10-03T10:00:00,Meta,CAMP-005,Landing Page
SES-101017,2026-10-03T10:01:00,Meta,CAMP-005,Product View
SES-101018,2026-10-03T10:00:00,Meta,CAMP-005,Landing Page
SES-101019,2026-10-03T10:00:00,Meta,CAMP-005,Landing Page
SES-101019,2026-10-03T10:01:00,Meta,CAMP-005,Product View
SES-101020,2026-10-03T10:00:00,Meta,CAMP-005,Landing Page
SES-101021,2026-10-03T10:00:00,Meta,CAMP-005,Landing Page
SES-101021,2026-10-03T10:01:00,Meta,CAMP-005,Product View
SES-101022,2026-10-03T10:00:00,Meta,CAMP-005,Landing Page
SES-101023,2026-10-03T10:00:00,Meta,CAMP-005,Landing Page
SES-101023,2026-10-03T10:01:00,Meta,CAMP-005,Product View
SES-101024,2026-10-03T10:00:00,Meta,CAMP-005,Landing Page
SES-101025,2026-10-03T10:00:00,Meta,CAMP-005,Landing Page
SES-101026,2026-10-03T10:00:00,Meta,CAMP-005,Landing Page
SES-101027,2026-10-03T10:00:00,Meta,CAMP-005,Landing Page
SES-101027,2026-10-03T10:01:00,Meta,CAMP-005,Product View
SES-101028,2026-10-03T10:00:00,Meta,CAMP-005,Landing Page
SES-101029,2026-10-03T10:00:00,Meta,CAMP-005,Landing Page
SES-101030,2026-10-03T10:00:00,Meta,CAMP-005,Landing Page
SES-101030,2026-10-03T10:01:00,Meta,CAMP-005,Product View
SES-101031,2026-10-03T10:00:00,Meta,CAMP-005,Landing Page
SES-101032,2026-10-03T10:00:00,Meta,CAMP-005,Landing Page
SES-101033,2026-10-03T10:00:00,Meta,CAMP-005,Landing Page
SES-101034,2026-10-03T10:00:00,Meta,CAMP-005,Landing Page
SES-101035,2026-10-03T10:00:00,Meta,CAMP-005,Landing Page
SES-101035,2026-10-03T10:01:00,Meta,CAMP-005,Product View
SES-101036,2026-10-03T10:00:00,Meta,CAMP-005,Landing Page
SES-101036,2026-10-03T10:01:00,Meta,CAMP-005,Product View
SES-101037,2026-10-03T10:00:00,Meta,CAMP-005,Landing Page
SES-101037,2026-10-03T10:01:00,Meta,CAMP-005,Product View
SES-101038,2026-10-03T10:00:00,Meta,CAMP-005,Landing Page
SES-101039,2026-10-03T10:00:00,Meta,CAMP-005,Landing Page
SES-101039,2026-10-03T10:01:00,Meta,CAMP-005,Product View
SES-101040,2026-10-03T10:00:00,Meta,CAMP-005,Landing Page
SES-101041,2026-10-03T10:00:00,Meta,CAMP-005,Landing Page
SES-101041,2026-10-03T10:01:00,Meta,CAMP-005,Product View
SES-101042,2026-10-03T10:00:00,Meta,CAMP-005,Landing Page
SES-101042,2026-10-03T10:01:00,Meta,CAMP-005,Product View
SES-101043,2026-10-03T10:00:00,Meta,CAMP-005,Landing Page
SES-101044,2026-10-03T10:00:00,Meta,CAMP-005,Landing Page
SES-101044,2026-10-03T10:01:00,Meta,CAMP-005,Product View
SES-101044,2026-10-03T10:03:00,Meta,CAMP-005,Add to Cart
SES-101044,2026-10-03T10:05:00,Meta,CAMP-005,Purchase
SES-101045,2026-10-03T10:00:00,Meta,CAMP-005,Landing Page
SES-101045,2026-10-03T10:01:00,Meta,CAMP-005,Product View
SES-101046,2026-10-03T10:00:00,Meta,CAMP-005,Landing Page
SES-101047,2026-10-03T10:00:00,Meta,CAMP-005,Landing Page
SES-101048,2026-10-03T10:00:00,Meta,CAMP-005,Landing Page
SES-101049,2026-10-03T10:00:00,Meta,CAMP-005,Landing Page
SES-101050,2026-10-04T10:00:00,Meta,CAMP-005,Landing Page
SES-101050,2026-10-04T10:01:00,Meta,CAMP-005,Product View
SES-101051,2026-10-04T10:00:00,Meta,CAMP-005,Landing Page
SES-101052,2026-10-04T10:00:00,Meta,CAMP-005,Landing Page
SES-101052,2026-10-04T10:01:00,Meta,CAMP-005,Product View
SES-101053,2026-10-04T10:00:00,Meta,CAMP-005,Landing Page
SES-101053,2026-10-04T10:01:00,Meta,CAMP-005,Product View
SES-101054,2026-10-04T10:00:00,Meta,CAMP-005,Landing Page
SES-101054,2026-10-04T10:01:00,Meta,CAMP-005,Product View
SES-101055,2026-10-04T10:00:00,Meta,CAMP-005,Landing Page
SES-101056,2026-10-04T10:00:00,Meta,CAMP-005,Landing Page
SES-101056,2026-10-04T10:01:00,Meta,CAMP-005,Product View
SES-101056,2026-10-04T10:03:00,Meta,CAMP-005,Add to Cart
SES-101057,2026-10-04T10:00:00,Meta,CAMP-005,Landing Page
SES-101057,2026-10-04T10:01:00,Meta,CAMP-005,Product View
SES-101058,2026-10-04T10:00:00,Meta,CAMP-005,Landing Page
SES-101058,2026-10-04T10:01:00,Meta,CAMP-005,Product View
SES-101059,2026-10-04T10:00:00,Meta,CAMP-005,Landing Page
SES-101059,2026-10-04T10:01:00,Meta,CAMP-005,Product View
SES-101059,2026-10-04T10:03:00,Meta,CAMP-005,Add to Cart
SES-101060,2026-10-04T10:00:00,Meta,CAMP-005,Landing Page
SES-101061,2026-10-04T10:00:00,Meta,CAMP-005,Landing Page
SES-101061,2026-10-04T10:01:00,Meta,CAMP-005,Product View
SES-101061,2026-10-04T10:03:00,Meta,CAMP-005,Add to Cart
SES-101062,2026-10-04T10:00:00,Meta,CAMP-005,Landing Page
SES-101062,2026-10-04T10:01:00,Meta,CAMP-005,Product View
SES-101063,2026-10-04T10:00:00,Meta,CAMP-005,Landing Page
SES-101064,2026-10-04T10:00:00,Meta,CAMP-005,Landing Page
SES-101064,2026-10-04T10:01:00,Meta,CAMP-005,Product View
SES-101065,2026-10-04T10:00:00,Meta,CAMP-005,Landing Page
SES-101065,2026-10-04T10:01:00,Meta,CAMP-005,Product View
SES-101066,2026-10-04T10:00:00,Meta,CAMP-005,Landing Page
SES-101066,2026-10-04T10:01:00,Meta,CAMP-005,Product View
SES-101067,2026-10-04T10:00:00,Meta,CAMP-005,Landing Page
SES-101067,2026-10-04T10:01:00,Meta,CAMP-005,Product View
SES-101067,2026-10-04T10:03:00,Meta,CAMP-005,Add to Cart
SES-101068,2026-10-04T10:00:00,Meta,CAMP-005,Landing Page
SES-101068,2026-10-04T10:01:00,Meta,CAMP-005,Product View
SES-101068,2026-10-04T10:03:00,Meta,CAMP-005,Add to Cart
SES-101068,2026-10-04T10:05:00,Meta,CAMP-005,Purchase
SES-101069,2026-10-04T10:00:00,Meta,CAMP-005,Landing Page
SES-101069,2026-10-04T10:01:00,Meta,CAMP-005,Product View
SES-101069,2026-10-04T10:03:00,Meta,CAMP-005,Add to Cart
SES-101069,2026-10-04T10:05:00,Meta,CAMP-005,Purchase
SES-101070,2026-10-04T10:00:00,Meta,CAMP-005,Landing Page
SES-101070,2026-10-04T10:01:00,Meta,CAMP-005,Product View
SES-101071,2026-10-04T10:00:00,Meta,CAMP-005,Landing Page
SES-101071,2026-10-04T10:01:00,Meta,CAMP-005,Product View
SES-101072,2026-10-04T10:00:00,Meta,CAMP-005,Landing Page
SES-101072,2026-10-04T10:01:00,Meta,CAMP-005,Product View
SES-101073,2026-10-04T10:00:00,Meta,CAMP-005,Landing Page
SES-101073,2026-10-04T10:01:00,Meta,CAMP-005,Product View
SES-101074,2026-10-04T10:00:00,Meta,CAMP-005,Landing Page
SES-101075,2026-10-04T10:00:00,Meta,CAMP-005,Landing Page
SES-101075,2026-10-04T10:01:00,Meta,CAMP-005,Product View
SES-101075,2026-10-04T10:03:00,Meta,CAMP-005,Add to Cart
SES-101076,2026-10-04T10:00:00,Meta,CAMP-005,Landing Page
SES-101077,2026-10-04T10:00:00,Meta,CAMP-005,Landing Page
SES-101077,2026-10-04T10:01:00,Meta,CAMP-005,Product View
SES-101078,2026-10-04T10:00:00,Meta,CAMP-005,Landing Page
SES-101078,2026-10-04T10:01:00,Meta,CAMP-005,Product View
SES-101079,2026-10-04T10:00:00,Meta,CAMP-005,Landing Page
SES-101079,2026-10-04T10:01:00,Meta,CAMP-005,Product View
SES-101080,2026-10-04T10:00:00,Meta,CAMP-005,Landing Page
SES-101080,2026-10-04T10:01:00,Meta,CAMP-005,Product View
SES-101080,2026-10-04T10:03:00,Meta,CAMP-005,Add to Cart
SES-101081,2026-10-04T10:00:00,Meta,CAMP-005,Landing Page
SES-101082,2026-10-04T10:00:00,Meta,CAMP-005,Landing Page
SES-101082,2026-10-04T10:01:00,Meta,CAMP-005,Product View
SES-101083,2026-10-04T10:00:00,Meta,CAMP-005,Landing Page
SES-101083,2026-10-04T10:01:00,Meta,CAMP-005,Product View
SES-101084,2026-10-04T10:00:00,Meta,CAMP-005,Landing Page
SES-101085,2026-10-04T10:00:00,Meta,CAMP-005,Landing Page
SES-101086,2026-10-04T10:00:00,Meta,CAMP-005,Landing Page
SES-101087,2026-10-04T10:00:00,Meta,CAMP-005,Landing Page
SES-101087,2026-10-04T10:01:00,Meta,CAMP-005,Product View
SES-101087,2026-10-04T10:03:00,Meta,CAMP-005,Add to Cart
SES-101088,2026-10-04T10:00:00,Meta,CAMP-005,Landing Page
SES-101088,2026-10-04T10:01:00,Meta,CAMP-005,Product View
SES-101088,2026-10-04T10:03:00,Meta,CAMP-005,Add to Cart
SES-101089,2026-10-04T10:00:00,Meta,CAMP-005,Landing Page
SES-101089,2026-10-04T10:01:00,Meta,CAMP-005,Product View
SES-101090,2026-10-04T10:00:00,Meta,CAMP-005,Landing Page
SES-101090,2026-10-04T10:01:00,Meta,CAMP-005,Product View
SES-101090,2026-10-04T10:03:00,Meta,CAMP-005,Add to Cart
SES-101090,2026-10-04T10:05:00,Meta,CAMP-005,Purchase
SES-101091,2026-10-04T10:00:00,Meta,CAMP-005,Landing Page
SES-101091,2026-10-04T10:01:00,Meta,CAMP-005,Product View
SES-101091,2026-10-04T10:03:00,Meta,CAMP-005,Add to Cart
SES-101092,2026-10-04T10:00:00,Meta,CAMP-005,Landing Page
SES-101092,2026-10-04T10:01:00,Meta,CAMP-005,Product View
SES-101093,2026-10-04T10:00:00,Meta,CAMP-005,Landing Page
SES-101093,2026-10-04T10:01:00,Meta,CAMP-005,Product View
SES-101093,2026-10-04T10:03:00,Meta,CAMP-005,Add to Cart
SES-101093,2026-10-04T10:05:00,Meta,CAMP-005,Purchase
SES-101094,2026-10-04T10:00:00,Meta,CAMP-005,Landing Page
SES-101094,2026-10-04T10:01:00,Meta,CAMP-005,Product View
SES-101095,2026-10-04T10:00:00,Meta,CAMP-005,Landing Page
SES-101095,2026-10-04T10:01:00,Meta,CAMP-005,Product View
SES-101096,2026-10-04T10:00:00,Meta,CAMP-005,Landing Page
SES-101096,2026-10-04T10:01:00,Meta,CAMP-005,Product View
SES-101097,2026-10-04T10:00:00,Meta,CAMP-005,Landing Page
SES-101098,2026-10-04T10:00:00,Meta,CAMP-005,Landing Page
SES-101098,2026-10-04T10:01:00,Meta,CAMP-005,Product View
SES-101099,2026-10-04T10:00:00,Meta,CAMP-005,Landing Page
SES-101100,2026-10-05T10:00:00,Meta,CAMP-005,Landing Page
SES-101101,2026-10-05T10:00:00,Meta,CAMP-005,Landing Page
SES-101101,2026-10-05T10:01:00,Meta,CAMP-005,Product View
SES-101102,2026-10-05T10:00:00,Meta,CAMP-005,Landing Page
SES-101103,2026-10-05T10:00:00,Meta,CAMP-005,Landing Page
SES-101104,2026-10-05T10:00:00,Meta,CAMP-005,Landing Page
SES-101104,2026-10-05T10:01:00,Meta,CAMP-005,Product View
SES-101105,2026-10-05T10:00:00,Meta,CAMP-005,Landing Page
SES-101106,2026-10-05T10:00:00,Meta,CAMP-005,Landing Page
SES-101107,2026-10-05T10:00:00,Meta,CAMP-005,Landing Page
SES-101107,2026-10-05T10:01:00,Meta,CAMP-005,Product View
SES-101108,2026-10-05T10:00:00,Meta,CAMP-005,Landing Page
SES-101108,2026-10-05T10:01:00,Meta,CAMP-005,Product View
SES-101108,2026-10-05T10:03:00,Meta,CAMP-005,Add to Cart
SES-101109,2026-10-05T10:00:00,Meta,CAMP-005,Landing Page
SES-101110,2026-10-05T10:00:00,Meta,CAMP-005,Landing Page
SES-101111,2026-10-05T10:00:00,Meta,CAMP-005,Landing Page
SES-101111,2026-10-05T10:01:00,Meta,CAMP-005,Product View
SES-101112,2026-10-05T10:00:00,Meta,CAMP-005,Landing Page
SES-101113,2026-10-05T10:00:00,Meta,CAMP-005,Landing Page
SES-101113,2026-10-05T10:01:00,Meta,CAMP-005,Product View
SES-101114,2026-10-05T10:00:00,Meta,CAMP-005,Landing Page
SES-101114,2026-10-05T10:01:00,Meta,CAMP-005,Product View
SES-101114,2026-10-05T10:03:00,Meta,CAMP-005,Add to Cart
SES-101114,2026-10-05T10:05:00,Meta,CAMP-005,Purchase
SES-101115,2026-10-05T10:00:00,Meta,CAMP-005,Landing Page
SES-101115,2026-10-05T10:01:00,Meta,CAMP-005,Product View
SES-101116,2026-10-05T10:00:00,Meta,CAMP-005,Landing Page
SES-101116,2026-10-05T10:01:00,Meta,CAMP-005,Product View
SES-101117,2026-10-05T10:00:00,Meta,CAMP-005,Landing Page
SES-101118,2026-10-05T10:00:00,Meta,CAMP-005,Landing Page
SES-101119,2026-10-05T10:00:00,Meta,CAMP-005,Landing Page
SES-101119,2026-10-05T10:01:00,Meta,CAMP-005,Product View
SES-101120,2026-10-05T10:00:00,Meta,CAMP-005,Landing Page
SES-101120,2026-10-05T10:01:00,Meta,CAMP-005,Product View
SES-101120,2026-10-05T10:03:00,Meta,CAMP-005,Add to Cart
SES-101120,2026-10-05T10:05:00,Meta,CAMP-005,Purchase
SES-101121,2026-10-05T10:00:00,Meta,CAMP-005,Landing Page
SES-101122,2026-10-05T10:00:00,Meta,CAMP-005,Landing Page
SES-101122,2026-10-05T10:01:00,Meta,CAMP-005,Product View
SES-101122,2026-10-05T10:03:00,Meta,CAMP-005,Add to Cart
SES-101122,2026-10-05T10:05:00,Meta,CAMP-005,Purchase
SES-101123,2026-10-05T10:00:00,Meta,CAMP-005,Landing Page
SES-101124,2026-10-05T10:00:00,Meta,CAMP-005,Landing Page
SES-101125,2026-10-05T10:00:00,Meta,CAMP-005,Landing Page
SES-101125,2026-10-05T10:01:00,Meta,CAMP-005,Product View
SES-101126,2026-10-05T10:00:00,Meta,CAMP-005,Landing Page
SES-101127,2026-10-05T10:00:00,Meta,CAMP-005,Landing Page
SES-101127,2026-10-05T10:01:00,Meta,CAMP-005,Product View
SES-101127,2026-10-05T10:03:00,Meta,CAMP-005,Add to Cart
SES-101127,2026-10-05T10:05:00,Meta,CAMP-005,Purchase
SES-101128,2026-10-05T10:00:00,Meta,CAMP-005,Landing Page
SES-101129,2026-10-05T10:00:00,Meta,CAMP-005,Landing Page
SES-101130,2026-10-05T10:00:00,Meta,CAMP-005,Landing Page
SES-101130,2026-10-05T10:01:00,Meta,CAMP-005,Product View
SES-101130,2026-10-05T10:03:00,Meta,CAMP-005,Add to Cart
SES-101131,2026-10-05T10:00:00,Meta,CAMP-005,Landing Page
SES-101131,2026-10-05T10:01:00,Meta,CAMP-005,Product View
SES-101132,2026-10-05T10:00:00,Meta,CAMP-005,Landing Page
SES-101132,2026-10-05T10:01:00,Meta,CAMP-005,Product View
SES-101133,2026-10-05T10:00:00,Meta,CAMP-005,Landing Page
SES-101133,2026-10-05T10:01:00,Meta,CAMP-005,Product View
SES-101134,2026-10-05T10:00:00,Meta,CAMP-005,Landing Page
SES-101134,2026-10-05T10:01:00,Meta,CAMP-005,Product View
SES-101134,2026-10-05T10:03:00,Meta,CAMP-005,Add to Cart
SES-101135,2026-10-05T10:00:00,Meta,CAMP-005,Landing Page
SES-101136,2026-10-05T10:00:00,Meta,CAMP-005,Landing Page
SES-101136,2026-10-05T10:01:00,Meta,CAMP-005,Product View
SES-101136,2026-10-05T10:03:00,Meta,CAMP-005,Add to Cart
SES-101137,2026-10-05T10:00:00,Meta,CAMP-005,Landing Page
SES-101138,2026-10-05T10:00:00,Meta,CAMP-005,Landing Page
SES-101139,2026-10-05T10:00:00,Meta,CAMP-005,Landing Page
SES-101139,2026-10-05T10:01:00,Meta,CAMP-005,Product View
SES-101139,2026-10-05T10:03:00,Meta,CAMP-005,Add to Cart
SES-101140,2026-10-05T10:00:00,Meta,CAMP-005,Landing Page
SES-101140,2026-10-05T10:01:00,Meta,CAMP-005,Product View
SES-101141,2026-10-05T10:00:00,Meta,CAMP-005,Landing Page
SES-101141,2026-10-05T10:01:00,Meta,CAMP-005,Product View
SES-101142,2026-10-05T10:00:00,Meta,CAMP-005,Landing Page
SES-101142,2026-10-05T10:01:00,Meta,CAMP-005,Product View
SES-101143,2026-10-05T10:00:00,Meta,CAMP-005,Landing Page
SES-101143,2026-10-05T10:01:00,Meta,CAMP-005,Product View
SES-101144,2026-10-05T10:00:00,Meta,CAMP-005,Landing Page
SES-101145,2026-10-05T10:00:00,Meta,CAMP-005,Landing Page
SES-101145,2026-10-05T10:01:00,Meta,CAMP-005,Product View
SES-101145,2026-10-05T10:03:00,Meta,CAMP-005,Add to Cart
SES-101145,2026-10-05T10:05:00,Meta,CAMP-005,Purchase
SES-101146,2026-10-05T10:00:00,Meta,CAMP-005,Landing Page
SES-101147,2026-10-05T10:00:00,Meta,CAMP-005,Landing Page
SES-101147,2026-10-05T10:01:00,Meta,CAMP-005,Product View
SES-101148,2026-10-05T10:00:00,Meta,CAMP-005,Landing Page
SES-101148,2026-10-05T10:01:00,Meta,CAMP-005,Product View
SES-101149,2026-10-05T10:00:00,Meta,CAMP-005,Landing Page
SES-101150,2026-10-06T10:00:00,Meta,CAMP-005,Landing Page
SES-101151,2026-10-06T10:00:00,Meta,CAMP-005,Landing Page
SES-101152,2026-10-06T10:00:00,Meta,CAMP-005,Landing Page
SES-101152,2026-10-06T10:01:00,Meta,CAMP-005,Product View
SES-101153,2026-10-06T10:00:00,Meta,CAMP-005,Landing Page
SES-101153,2026-10-06T10:01:00,Meta,CAMP-005,Product View
SES-101154,2026-10-06T10:00:00,Meta,CAMP-005,Landing Page
SES-101154,2026-10-06T10:01:00,Meta,CAMP-005,Product View
SES-101155,2026-10-06T10:00:00,Meta,CAMP-005,Landing Page
SES-101155,2026-10-06T10:01:00,Meta,CAMP-005,Product View
SES-101156,2026-10-06T10:00:00,Meta,CAMP-005,Landing Page
SES-101156,2026-10-06T10:01:00,Meta,CAMP-005,Product View
SES-101157,2026-10-06T10:00:00,Meta,CAMP-005,Landing Page
SES-101157,2026-10-06T10:01:00,Meta,CAMP-005,Product View
SES-101158,2026-10-06T10:00:00,Meta,CAMP-005,Landing Page
SES-101159,2026-10-06T10:00:00,Meta,CAMP-005,Landing Page
SES-101160,2026-10-06T10:00:00,Meta,CAMP-005,Landing Page
SES-101160,2026-10-06T10:01:00,Meta,CAMP-005,Product View
SES-101161,2026-10-06T10:00:00,Meta,CAMP-005,Landing Page
SES-101161,2026-10-06T10:01:00,Meta,CAMP-005,Product View
SES-101162,2026-10-06T10:00:00,Meta,CAMP-005,Landing Page
SES-101163,2026-10-06T10:00:00,Meta,CAMP-005,Landing Page
SES-101163,2026-10-06T10:01:00,Meta,CAMP-005,Product View
SES-101164,2026-10-06T10:00:00,Meta,CAMP-005,Landing Page
SES-101164,2026-10-06T10:01:00,Meta,CAMP-005,Product View
SES-101165,2026-10-06T10:00:00,Meta,CAMP-005,Landing Page
SES-101165,2026-10-06T10:01:00,Meta,CAMP-005,Product View
SES-101165,2026-10-06T10:03:00,Meta,CAMP-005,Add to Cart
SES-101166,2026-10-06T10:00:00,Meta,CAMP-005,Landing Page
SES-101166,2026-10-06T10:01:00,Meta,CAMP-005,Product View
SES-101167,2026-10-06T10:00:00,Meta,CAMP-005,Landing Page
SES-101167,2026-10-06T10:01:00,Meta,CAMP-005,Product View
SES-101168,2026-10-06T10:00:00,Meta,CAMP-005,Landing Page
SES-101169,2026-10-06T10:00:00,Meta,CAMP-005,Landing Page
SES-101169,2026-10-06T10:01:00,Meta,CAMP-005,Product View
SES-101169,2026-10-06T10:03:00,Meta,CAMP-005,Add to Cart
SES-101169,2026-10-06T10:05:00,Meta,CAMP-005,Purchase
SES-101170,2026-10-06T10:00:00,Meta,CAMP-005,Landing Page
SES-101171,2026-10-06T10:00:00,Meta,CAMP-005,Landing Page
SES-101172,2026-10-06T10:00:00,Meta,CAMP-005,Landing Page
SES-101172,2026-10-06T10:01:00,Meta,CAMP-005,Product View
SES-101172,2026-10-06T10:03:00,Meta,CAMP-005,Add to Cart
SES-101172,2026-10-06T10:05:00,Meta,CAMP-005,Purchase
SES-101173,2026-10-06T10:00:00,Meta,CAMP-005,Landing Page
SES-101173,2026-10-06T10:01:00,Meta,CAMP-005,Product View
SES-101174,2026-10-06T10:00:00,Meta,CAMP-005,Landing Page
SES-101175,2026-10-06T10:00:00,Meta,CAMP-005,Landing Page
SES-101175,2026-10-06T10:01:00,Meta,CAMP-005,Product View
SES-101176,2026-10-06T10:00:00,Meta,CAMP-005,Landing Page
SES-101177,2026-10-06T10:00:00,Meta,CAMP-005,Landing Page
SES-101177,2026-10-06T10:01:00,Meta,CAMP-005,Product View
SES-101178,2026-10-06T10:00:00,Meta,CAMP-005,Landing Page
SES-101178,2026-10-06T10:01:00,Meta,CAMP-005,Product View
SES-101179,2026-10-06T10:00:00,Meta,CAMP-005,Landing Page
SES-101180,2026-10-06T10:00:00,Meta,CAMP-005,Landing Page
SES-101181,2026-10-06T10:00:00,Meta,CAMP-005,Landing Page
SES-101181,2026-10-06T10:01:00,Meta,CAMP-005,Product View
SES-101181,2026-10-06T10:03:00,Meta,CAMP-005,Add to Cart
SES-101181,2026-10-06T10:05:00,Meta,CAMP-005,Purchase
SES-101182,2026-10-06T10:00:00,Meta,CAMP-005,Landing Page
SES-101183,2026-10-06T10:00:00,Meta,CAMP-005,Landing Page
SES-101183,2026-10-06T10:01:00,Meta,CAMP-005,Product View
SES-101184,2026-10-06T10:00:00,Meta,CAMP-005,Landing Page
SES-101185,2026-10-06T10:00:00,Meta,CAMP-005,Landing Page
SES-101185,2026-10-06T10:01:00,Meta,CAMP-005,Product View
SES-101186,2026-10-06T10:00:00,Meta,CAMP-005,Landing Page
SES-101187,2026-10-06T10:00:00,Meta,CAMP-005,Landing Page
SES-101187,2026-10-06T10:01:00,Meta,CAMP-005,Product View
SES-101187,2026-10-06T10:03:00,Meta,CAMP-005,Add to Cart
SES-101188,2026-10-06T10:00:00,Meta,CAMP-005,Landing Page
SES-101189,2026-10-06T10:00:00,Meta,CAMP-005,Landing Page
SES-101190,2026-10-06T10:00:00,Meta,CAMP-005,Landing Page
SES-101191,2026-10-06T10:00:00,Meta,CAMP-005,Landing Page
SES-101191,2026-10-06T10:01:00,Meta,CAMP-005,Product View
SES-101192,2026-10-06T10:00:00,Meta,CAMP-005,Landing Page
SES-101192,2026-10-06T10:01:00,Meta,CAMP-005,Product View
SES-101192,2026-10-06T10:03:00,Meta,CAMP-005,Add to Cart
SES-101192,2026-10-06T10:05:00,Meta,CAMP-005,Purchase
SES-101193,2026-10-06T10:00:00,Meta,CAMP-005,Landing Page
SES-101193,2026-10-06T10:01:00,Meta,CAMP-005,Product View
SES-101194,2026-10-06T10:00:00,Meta,CAMP-005,Landing Page
SES-101194,2026-10-06T10:01:00,Meta,CAMP-005,Product View
SES-101194,2026-10-06T10:03:00,Meta,CAMP-005,Add to Cart
SES-101194,2026-10-06T10:05:00,Meta,CAMP-005,Purchase
SES-101195,2026-10-06T10:00:00,Meta,CAMP-005,Landing Page
SES-101196,2026-10-06T10:00:00,Meta,CAMP-005,Landing Page
SES-101196,2026-10-06T10:01:00,Meta,CAMP-005,Product View
SES-101197,2026-10-06T10:00:00,Meta,CAMP-005,Landing Page
SES-101198,2026-10-06T10:00:00,Meta,CAMP-005,Landing Page
SES-101198,2026-10-06T10:01:00,Meta,CAMP-005,Product View
SES-101199,2026-10-06T10:00:00,Meta,CAMP-005,Landing Page
SES-101200,2026-10-07T10:00:00,Meta,CAMP-005,Landing Page
SES-101200,2026-10-07T10:01:00,Meta,CAMP-005,Product View
SES-101201,2026-10-07T10:00:00,Meta,CAMP-005,Landing Page
SES-101202,2026-10-07T10:00:00,Meta,CAMP-005,Landing Page
SES-101203,2026-10-07T10:00:00,Meta,CAMP-005,Landing Page
SES-101204,2026-10-07T10:00:00,Meta,CAMP-005,Landing Page
SES-101204,2026-10-07T10:01:00,Meta,CAMP-005,Product View
SES-101205,2026-10-07T10:00:00,Meta,CAMP-005,Landing Page
SES-101206,2026-10-07T10:00:00,Meta,CAMP-005,Landing Page
SES-101206,2026-10-07T10:01:00,Meta,CAMP-005,Product View
SES-101206,2026-10-07T10:03:00,Meta,CAMP-005,Add to Cart
SES-101207,2026-10-07T10:00:00,Meta,CAMP-005,Landing Page
SES-101207,2026-10-07T10:01:00,Meta,CAMP-005,Product View
SES-101207,2026-10-07T10:03:00,Meta,CAMP-005,Add to Cart
SES-101207,2026-10-07T10:05:00,Meta,CAMP-005,Purchase
SES-101208,2026-10-07T10:00:00,Meta,CAMP-005,Landing Page
SES-101208,2026-10-07T10:01:00,Meta,CAMP-005,Product View
SES-101208,2026-10-07T10:03:00,Meta,CAMP-005,Add to Cart
SES-101208,2026-10-07T10:05:00,Meta,CAMP-005,Purchase
SES-101209,2026-10-07T10:00:00,Meta,CAMP-005,Landing Page
SES-101209,2026-10-07T10:01:00,Meta,CAMP-005,Product View
SES-101210,2026-10-07T10:00:00,Meta,CAMP-005,Landing Page
SES-101210,2026-10-07T10:01:00,Meta,CAMP-005,Product View
SES-101211,2026-10-07T10:00:00,Meta,CAMP-005,Landing Page
SES-101212,2026-10-07T10:00:00,Meta,CAMP-005,Landing Page
SES-101213,2026-10-07T10:00:00,Meta,CAMP-005,Landing Page
SES-101213,2026-10-07T10:01:00,Meta,CAMP-005,Product View
SES-101214,2026-10-07T10:00:00,Meta,CAMP-005,Landing Page
SES-101214,2026-10-07T10:01:00,Meta,CAMP-005,Product View
SES-101215,2026-10-07T10:00:00,Meta,CAMP-005,Landing Page
SES-101215,2026-10-07T10:01:00,Meta,CAMP-005,Product View
SES-101216,2026-10-07T10:00:00,Meta,CAMP-005,Landing Page
SES-101217,2026-10-07T10:00:00,Meta,CAMP-005,Landing Page
SES-101217,2026-10-07T10:01:00,Meta,CAMP-005,Product View
SES-101218,2026-10-07T10:00:00,Meta,CAMP-005,Landing Page
SES-101219,2026-10-07T10:00:00,Meta,CAMP-005,Landing Page
SES-101219,2026-10-07T10:01:00,Meta,CAMP-005,Product View
SES-101220,2026-10-07T10:00:00,Meta,CAMP-005,Landing Page
SES-101220,2026-10-07T10:01:00,Meta,CAMP-005,Product View
SES-101221,2026-10-07T10:00:00,Meta,CAMP-005,Landing Page
SES-101222,2026-10-07T10:00:00,Meta,CAMP-005,Landing Page
SES-101223,2026-10-07T10:00:00,Meta,CAMP-005,Landing Page
SES-101223,2026-10-07T10:01:00,Meta,CAMP-005,Product View
SES-101224,2026-10-07T10:00:00,Meta,CAMP-005,Landing Page
SES-101224,2026-10-07T10:01:00,Meta,CAMP-005,Product View
SES-101225,2026-10-07T10:00:00,Meta,CAMP-005,Landing Page
SES-101225,2026-10-07T10:01:00,Meta,CAMP-005,Product View
SES-101226,2026-10-07T10:00:00,Meta,CAMP-005,Landing Page
SES-101227,2026-10-07T10:00:00,Meta,CAMP-005,Landing Page
SES-101227,2026-10-07T10:01:00,Meta,CAMP-005,Product View
SES-101228,2026-10-07T10:00:00,Meta,CAMP-005,Landing Page
SES-101228,2026-10-07T10:01:00,Meta,CAMP-005,Product View
SES-101229,2026-10-07T10:00:00,Meta,CAMP-005,Landing Page
SES-101229,2026-10-07T10:01:00,Meta,CAMP-005,Product View
SES-101230,2026-10-07T10:00:00,Meta,CAMP-005,Landing Page
SES-101230,2026-10-07T10:01:00,Meta,CAMP-005,Product View
SES-101231,2026-10-07T10:00:00,Meta,CAMP-005,Landing Page
SES-101232,2026-10-07T10:00:00,Meta,CAMP-005,Landing Page
SES-101233,2026-10-07T10:00:00,Meta,CAMP-005,Landing Page
SES-101234,2026-10-07T10:00:00,Meta,CAMP-005,Landing Page
SES-101234,2026-10-07T10:01:00,Meta,CAMP-005,Product View
SES-101235,2026-10-07T10:00:00,Meta,CAMP-005,Landing Page
SES-101235,2026-10-07T10:01:00,Meta,CAMP-005,Product View
SES-101236,2026-10-07T10:00:00,Meta,CAMP-005,Landing Page
SES-101236,2026-10-07T10:01:00,Meta,CAMP-005,Product View
SES-101237,2026-10-07T10:00:00,Meta,CAMP-005,Landing Page
SES-101237,2026-10-07T10:01:00,Meta,CAMP-005,Product View
SES-101238,2026-10-07T10:00:00,Meta,CAMP-005,Landing Page
SES-101239,2026-10-07T10:00:00,Meta,CAMP-005,Landing Page
SES-101239,2026-10-07T10:01:00,Meta,CAMP-005,Product View
SES-101239,2026-10-07T10:03:00,Meta,CAMP-005,Add to Cart
SES-101239,2026-10-07T10:05:00,Meta,CAMP-005,Purchase
SES-101240,2026-10-07T10:00:00,Meta,CAMP-005,Landing Page
SES-101241,2026-10-07T10:00:00,Meta,CAMP-005,Landing Page
SES-101241,2026-10-07T10:01:00,Meta,CAMP-005,Product View
SES-101242,2026-10-07T10:00:00,Meta,CAMP-005,Landing Page
SES-101243,2026-10-07T10:00:00,Meta,CAMP-005,Landing Page
SES-101244,2026-10-07T10:00:00,Meta,CAMP-005,Landing Page
SES-101244,2026-10-07T10:01:00,Meta,CAMP-005,Product View
SES-101245,2026-10-07T10:00:00,Meta,CAMP-005,Landing Page
SES-101245,2026-10-07T10:01:00,Meta,CAMP-005,Product View
SES-101246,2026-10-07T10:00:00,Meta,CAMP-005,Landing Page
SES-101247,2026-10-07T10:00:00,Meta,CAMP-005,Landing Page
SES-101248,2026-10-07T10:00:00,Meta,CAMP-005,Landing Page
SES-101248,2026-10-07T10:01:00,Meta,CAMP-005,Product View
SES-101249,2026-10-07T10:00:00,Meta,CAMP-005,Landing Page
SES-101250,2026-10-03T10:00:00,Google,CAMP-006,Landing Page
SES-101251,2026-10-03T10:00:00,Google,CAMP-006,Landing Page
SES-101251,2026-10-03T10:01:00,Google,CAMP-006,Product View
SES-101252,2026-10-03T10:00:00,Google,CAMP-006,Landing Page
SES-101252,2026-10-03T10:01:00,Google,CAMP-006,Product View
SES-101253,2026-10-03T10:00:00,Google,CAMP-006,Landing Page
SES-101253,2026-10-03T10:01:00,Google,CAMP-006,Product View
SES-101254,2026-10-03T10:00:00,Google,CAMP-006,Landing Page
SES-101255,2026-10-03T10:00:00,Google,CAMP-006,Landing Page
SES-101256,2026-10-03T10:00:00,Google,CAMP-006,Landing Page
SES-101257,2026-10-03T10:00:00,Google,CAMP-006,Landing Page
SES-101257,2026-10-03T10:01:00,Google,CAMP-006,Product View
SES-101257,2026-10-03T10:03:00,Google,CAMP-006,Add to Cart
SES-101258,2026-10-03T10:00:00,Google,CAMP-006,Landing Page
SES-101258,2026-10-03T10:01:00,Google,CAMP-006,Product View
SES-101258,2026-10-03T10:03:00,Google,CAMP-006,Add to Cart
SES-101258,2026-10-03T10:05:00,Google,CAMP-006,Purchase
SES-101259,2026-10-03T10:00:00,Google,CAMP-006,Landing Page
SES-101260,2026-10-03T10:00:00,Google,CAMP-006,Landing Page
SES-101261,2026-10-03T10:00:00,Google,CAMP-006,Landing Page
SES-101261,2026-10-03T10:01:00,Google,CAMP-006,Product View
SES-101262,2026-10-03T10:00:00,Google,CAMP-006,Landing Page
SES-101262,2026-10-03T10:01:00,Google,CAMP-006,Product View
SES-101263,2026-10-03T10:00:00,Google,CAMP-006,Landing Page
SES-101263,2026-10-03T10:01:00,Google,CAMP-006,Product View
SES-101264,2026-10-03T10:00:00,Google,CAMP-006,Landing Page
SES-101265,2026-10-03T10:00:00,Google,CAMP-006,Landing Page
SES-101266,2026-10-03T10:00:00,Google,CAMP-006,Landing Page
SES-101267,2026-10-03T10:00:00,Google,CAMP-006,Landing Page
SES-101268,2026-10-03T10:00:00,Google,CAMP-006,Landing Page
SES-101269,2026-10-03T10:00:00,Google,CAMP-006,Landing Page
SES-101269,2026-10-03T10:01:00,Google,CAMP-006,Product View
SES-101269,2026-10-03T10:03:00,Google,CAMP-006,Add to Cart
SES-101270,2026-10-03T10:00:00,Google,CAMP-006,Landing Page
SES-101270,2026-10-03T10:01:00,Google,CAMP-006,Product View
SES-101271,2026-10-03T10:00:00,Google,CAMP-006,Landing Page
SES-101272,2026-10-03T10:00:00,Google,CAMP-006,Landing Page
SES-101273,2026-10-03T10:00:00,Google,CAMP-006,Landing Page
SES-101273,2026-10-03T10:01:00,Google,CAMP-006,Product View
SES-101274,2026-10-03T10:00:00,Google,CAMP-006,Landing Page
SES-101274,2026-10-03T10:01:00,Google,CAMP-006,Product View
SES-101275,2026-10-03T10:00:00,Google,CAMP-006,Landing Page
SES-101276,2026-10-03T10:00:00,Google,CAMP-006,Landing Page
SES-101277,2026-10-03T10:00:00,Google,CAMP-006,Landing Page
SES-101278,2026-10-03T10:00:00,Google,CAMP-006,Landing Page
SES-101278,2026-10-03T10:01:00,Google,CAMP-006,Product View
SES-101279,2026-10-03T10:00:00,Google,CAMP-006,Landing Page
SES-101280,2026-10-03T10:00:00,Google,CAMP-006,Landing Page
SES-101280,2026-10-03T10:01:00,Google,CAMP-006,Product View
SES-101280,2026-10-03T10:03:00,Google,CAMP-006,Add to Cart
SES-101281,2026-10-03T10:00:00,Google,CAMP-006,Landing Page
SES-101282,2026-10-03T10:00:00,Google,CAMP-006,Landing Page
SES-101282,2026-10-03T10:01:00,Google,CAMP-006,Product View
SES-101283,2026-10-03T10:00:00,Google,CAMP-006,Landing Page
SES-101283,2026-10-03T10:01:00,Google,CAMP-006,Product View
SES-101284,2026-10-03T10:00:00,Google,CAMP-006,Landing Page
SES-101285,2026-10-03T10:00:00,Google,CAMP-006,Landing Page
SES-101285,2026-10-03T10:01:00,Google,CAMP-006,Product View
SES-101285,2026-10-03T10:03:00,Google,CAMP-006,Add to Cart
SES-101286,2026-10-03T10:00:00,Google,CAMP-006,Landing Page
SES-101286,2026-10-03T10:01:00,Google,CAMP-006,Product View
SES-101287,2026-10-03T10:00:00,Google,CAMP-006,Landing Page
SES-101288,2026-10-03T10:00:00,Google,CAMP-006,Landing Page
SES-101289,2026-10-03T10:00:00,Google,CAMP-006,Landing Page
SES-101290,2026-10-03T10:00:00,Google,CAMP-006,Landing Page
SES-101290,2026-10-03T10:01:00,Google,CAMP-006,Product View
SES-101290,2026-10-03T10:03:00,Google,CAMP-006,Add to Cart
SES-101291,2026-10-03T10:00:00,Google,CAMP-006,Landing Page
SES-101291,2026-10-03T10:01:00,Google,CAMP-006,Product View
SES-101292,2026-10-03T10:00:00,Google,CAMP-006,Landing Page
SES-101292,2026-10-03T10:01:00,Google,CAMP-006,Product View
SES-101292,2026-10-03T10:03:00,Google,CAMP-006,Add to Cart
SES-101292,2026-10-03T10:05:00,Google,CAMP-006,Purchase
SES-101293,2026-10-03T10:00:00,Google,CAMP-006,Landing Page
SES-101294,2026-10-03T10:00:00,Google,CAMP-006,Landing Page
SES-101294,2026-10-03T10:01:00,Google,CAMP-006,Product View
SES-101295,2026-10-03T10:00:00,Google,CAMP-006,Landing Page
SES-101295,2026-10-03T10:01:00,Google,CAMP-006,Product View
SES-101295,2026-10-03T10:03:00,Google,CAMP-006,Add to Cart
SES-101296,2026-10-03T10:00:00,Google,CAMP-006,Landing Page
SES-101296,2026-10-03T10:01:00,Google,CAMP-006,Product View
SES-101296,2026-10-03T10:03:00,Google,CAMP-006,Add to Cart
SES-101296,2026-10-03T10:05:00,Google,CAMP-006,Purchase
SES-101297,2026-10-03T10:00:00,Google,CAMP-006,Landing Page
SES-101298,2026-10-03T10:00:00,Google,CAMP-006,Landing Page
SES-101298,2026-10-03T10:01:00,Google,CAMP-006,Product View
SES-101298,2026-10-03T10:03:00,Google,CAMP-006,Add to Cart
SES-101299,2026-10-03T10:00:00,Google,CAMP-006,Landing Page
SES-101299,2026-10-03T10:01:00,Google,CAMP-006,Product View
SES-101299,2026-10-03T10:03:00,Google,CAMP-006,Add to Cart
SES-101300,2026-10-04T10:00:00,Google,CAMP-006,Landing Page
SES-101300,2026-10-04T10:01:00,Google,CAMP-006,Product View
SES-101301,2026-10-04T10:00:00,Google,CAMP-006,Landing Page
SES-101301,2026-10-04T10:01:00,Google,CAMP-006,Product View
SES-101301,2026-10-04T10:03:00,Google,CAMP-006,Add to Cart
SES-101302,2026-10-04T10:00:00,Google,CAMP-006,Landing Page
SES-101302,2026-10-04T10:01:00,Google,CAMP-006,Product View
SES-101303,2026-10-04T10:00:00,Google,CAMP-006,Landing Page
SES-101304,2026-10-04T10:00:00,Google,CAMP-006,Landing Page
SES-101305,2026-10-04T10:00:00,Google,CAMP-006,Landing Page
SES-101305,2026-10-04T10:01:00,Google,CAMP-006,Product View
SES-101305,2026-10-04T10:03:00,Google,CAMP-006,Add to Cart
SES-101306,2026-10-04T10:00:00,Google,CAMP-006,Landing Page
SES-101306,2026-10-04T10:01:00,Google,CAMP-006,Product View
SES-101307,2026-10-04T10:00:00,Google,CAMP-006,Landing Page
SES-101307,2026-10-04T10:01:00,Google,CAMP-006,Product View
SES-101308,2026-10-04T10:00:00,Google,CAMP-006,Landing Page
SES-101308,2026-10-04T10:01:00,Google,CAMP-006,Product View
SES-101309,2026-10-04T10:00:00,Google,CAMP-006,Landing Page
SES-101310,2026-10-04T10:00:00,Google,CAMP-006,Landing Page
SES-101310,2026-10-04T10:01:00,Google,CAMP-006,Product View
SES-101311,2026-10-04T10:00:00,Google,CAMP-006,Landing Page
SES-101311,2026-10-04T10:01:00,Google,CAMP-006,Product View
SES-101312,2026-10-04T10:00:00,Google,CAMP-006,Landing Page
SES-101312,2026-10-04T10:01:00,Google,CAMP-006,Product View
SES-101313,2026-10-04T10:00:00,Google,CAMP-006,Landing Page
SES-101313,2026-10-04T10:01:00,Google,CAMP-006,Product View
SES-101313,2026-10-04T10:03:00,Google,CAMP-006,Add to Cart
SES-101314,2026-10-04T10:00:00,Google,CAMP-006,Landing Page
SES-101314,2026-10-04T10:01:00,Google,CAMP-006,Product View
SES-101315,2026-10-04T10:00:00,Google,CAMP-006,Landing Page
SES-101315,2026-10-04T10:01:00,Google,CAMP-006,Product View
SES-101316,2026-10-04T10:00:00,Google,CAMP-006,Landing Page
SES-101317,2026-10-04T10:00:00,Google,CAMP-006,Landing Page
SES-101318,2026-10-04T10:00:00,Google,CAMP-006,Landing Page
SES-101319,2026-10-04T10:00:00,Google,CAMP-006,Landing Page
SES-101320,2026-10-04T10:00:00,Google,CAMP-006,Landing Page
SES-101320,2026-10-04T10:01:00,Google,CAMP-006,Product View
SES-101321,2026-10-04T10:00:00,Google,CAMP-006,Landing Page
SES-101322,2026-10-04T10:00:00,Google,CAMP-006,Landing Page
SES-101322,2026-10-04T10:01:00,Google,CAMP-006,Product View
SES-101323,2026-10-04T10:00:00,Google,CAMP-006,Landing Page
SES-101323,2026-10-04T10:01:00,Google,CAMP-006,Product View
SES-101323,2026-10-04T10:03:00,Google,CAMP-006,Add to Cart
SES-101324,2026-10-04T10:00:00,Google,CAMP-006,Landing Page
SES-101325,2026-10-04T10:00:00,Google,CAMP-006,Landing Page
SES-101325,2026-10-04T10:01:00,Google,CAMP-006,Product View
SES-101326,2026-10-04T10:00:00,Google,CAMP-006,Landing Page
SES-101326,2026-10-04T10:01:00,Google,CAMP-006,Product View
SES-101327,2026-10-04T10:00:00,Google,CAMP-006,Landing Page
SES-101328,2026-10-04T10:00:00,Google,CAMP-006,Landing Page
SES-101328,2026-10-04T10:01:00,Google,CAMP-006,Product View
SES-101329,2026-10-04T10:00:00,Google,CAMP-006,Landing Page
SES-101329,2026-10-04T10:01:00,Google,CAMP-006,Product View
SES-101329,2026-10-04T10:03:00,Google,CAMP-006,Add to Cart
SES-101330,2026-10-04T10:00:00,Google,CAMP-006,Landing Page
SES-101330,2026-10-04T10:01:00,Google,CAMP-006,Product View
SES-101331,2026-10-04T10:00:00,Google,CAMP-006,Landing Page
SES-101332,2026-10-04T10:00:00,Google,CAMP-006,Landing Page
SES-101332,2026-10-04T10:01:00,Google,CAMP-006,Product View
SES-101333,2026-10-04T10:00:00,Google,CAMP-006,Landing Page
SES-101334,2026-10-04T10:00:00,Google,CAMP-006,Landing Page
SES-101334,2026-10-04T10:01:00,Google,CAMP-006,Product View
SES-101335,2026-10-04T10:00:00,Google,CAMP-006,Landing Page
SES-101336,2026-10-04T10:00:00,Google,CAMP-006,Landing Page
SES-101337,2026-10-04T10:00:00,Google,CAMP-006,Landing Page
SES-101337,2026-10-04T10:01:00,Google,CAMP-006,Product View
SES-101338,2026-10-04T10:00:00,Google,CAMP-006,Landing Page
SES-101338,2026-10-04T10:01:00,Google,CAMP-006,Product View
SES-101338,2026-10-04T10:03:00,Google,CAMP-006,Add to Cart
SES-101339,2026-10-04T10:00:00,Google,CAMP-006,Landing Page
SES-101339,2026-10-04T10:01:00,Google,CAMP-006,Product View
SES-101340,2026-10-04T10:00:00,Google,CAMP-006,Landing Page
SES-101340,2026-10-04T10:01:00,Google,CAMP-006,Product View
SES-101340,2026-10-04T10:03:00,Google,CAMP-006,Add to Cart
SES-101340,2026-10-04T10:05:00,Google,CAMP-006,Purchase
SES-101341,2026-10-04T10:00:00,Google,CAMP-006,Landing Page
SES-101341,2026-10-04T10:01:00,Google,CAMP-006,Product View
SES-101341,2026-10-04T10:03:00,Google,CAMP-006,Add to Cart
SES-101342,2026-10-04T10:00:00,Google,CAMP-006,Landing Page
SES-101343,2026-10-04T10:00:00,Google,CAMP-006,Landing Page
SES-101344,2026-10-04T10:00:00,Google,CAMP-006,Landing Page
SES-101345,2026-10-04T10:00:00,Google,CAMP-006,Landing Page
SES-101346,2026-10-04T10:00:00,Google,CAMP-006,Landing Page
SES-101347,2026-10-04T10:00:00,Google,CAMP-006,Landing Page
SES-101347,2026-10-04T10:01:00,Google,CAMP-006,Product View
SES-101348,2026-10-04T10:00:00,Google,CAMP-006,Landing Page
SES-101348,2026-10-04T10:01:00,Google,CAMP-006,Product View
SES-101348,2026-10-04T10:03:00,Google,CAMP-006,Add to Cart
SES-101349,2026-10-04T10:00:00,Google,CAMP-006,Landing Page
SES-101350,2026-10-05T10:00:00,Google,CAMP-006,Landing Page
SES-101350,2026-10-05T10:01:00,Google,CAMP-006,Product View
SES-101351,2026-10-05T10:00:00,Google,CAMP-006,Landing Page
SES-101351,2026-10-05T10:01:00,Google,CAMP-006,Product View
SES-101352,2026-10-05T10:00:00,Google,CAMP-006,Landing Page
SES-101352,2026-10-05T10:01:00,Google,CAMP-006,Product View
SES-101353,2026-10-05T10:00:00,Google,CAMP-006,Landing Page
SES-101353,2026-10-05T10:01:00,Google,CAMP-006,Product View
SES-101353,2026-10-05T10:03:00,Google,CAMP-006,Add to Cart
SES-101354,2026-10-05T10:00:00,Google,CAMP-006,Landing Page
SES-101354,2026-10-05T10:01:00,Google,CAMP-006,Product View
SES-101355,2026-10-05T10:00:00,Google,CAMP-006,Landing Page
SES-101355,2026-10-05T10:01:00,Google,CAMP-006,Product View
SES-101356,2026-10-05T10:00:00,Google,CAMP-006,Landing Page
SES-101356,2026-10-05T10:01:00,Google,CAMP-006,Product View
SES-101356,2026-10-05T10:03:00,Google,CAMP-006,Add to Cart
SES-101356,2026-10-05T10:05:00,Google,CAMP-006,Purchase
SES-101357,2026-10-05T10:00:00,Google,CAMP-006,Landing Page
SES-101358,2026-10-05T10:00:00,Google,CAMP-006,Landing Page
SES-101358,2026-10-05T10:01:00,Google,CAMP-006,Product View
SES-101359,2026-10-05T10:00:00,Google,CAMP-006,Landing Page
SES-101360,2026-10-05T10:00:00,Google,CAMP-006,Landing Page
SES-101360,2026-10-05T10:01:00,Google,CAMP-006,Product View
SES-101361,2026-10-05T10:00:00,Google,CAMP-006,Landing Page
SES-101362,2026-10-05T10:00:00,Google,CAMP-006,Landing Page
SES-101363,2026-10-05T10:00:00,Google,CAMP-006,Landing Page
SES-101364,2026-10-05T10:00:00,Google,CAMP-006,Landing Page
SES-101364,2026-10-05T10:01:00,Google,CAMP-006,Product View
SES-101365,2026-10-05T10:00:00,Google,CAMP-006,Landing Page
SES-101366,2026-10-05T10:00:00,Google,CAMP-006,Landing Page
SES-101366,2026-10-05T10:01:00,Google,CAMP-006,Product View
SES-101366,2026-10-05T10:03:00,Google,CAMP-006,Add to Cart
SES-101366,2026-10-05T10:05:00,Google,CAMP-006,Purchase
SES-101367,2026-10-05T10:00:00,Google,CAMP-006,Landing Page
SES-101367,2026-10-05T10:01:00,Google,CAMP-006,Product View
SES-101368,2026-10-05T10:00:00,Google,CAMP-006,Landing Page
SES-101369,2026-10-05T10:00:00,Google,CAMP-006,Landing Page
SES-101370,2026-10-05T10:00:00,Google,CAMP-006,Landing Page
SES-101370,2026-10-05T10:01:00,Google,CAMP-006,Product View
SES-101370,2026-10-05T10:03:00,Google,CAMP-006,Add to Cart
SES-101371,2026-10-05T10:00:00,Google,CAMP-006,Landing Page
SES-101371,2026-10-05T10:01:00,Google,CAMP-006,Product View
SES-101372,2026-10-05T10:00:00,Google,CAMP-006,Landing Page
SES-101373,2026-10-05T10:00:00,Google,CAMP-006,Landing Page
SES-101374,2026-10-05T10:00:00,Google,CAMP-006,Landing Page
SES-101374,2026-10-05T10:01:00,Google,CAMP-006,Product View
SES-101374,2026-10-05T10:03:00,Google,CAMP-006,Add to Cart
SES-101374,2026-10-05T10:05:00,Google,CAMP-006,Purchase
SES-101375,2026-10-05T10:00:00,Google,CAMP-006,Landing Page
SES-101375,2026-10-05T10:01:00,Google,CAMP-006,Product View
SES-101376,2026-10-05T10:00:00,Google,CAMP-006,Landing Page
SES-101376,2026-10-05T10:01:00,Google,CAMP-006,Product View
SES-101376,2026-10-05T10:03:00,Google,CAMP-006,Add to Cart
SES-101377,2026-10-05T10:00:00,Google,CAMP-006,Landing Page
SES-101377,2026-10-05T10:01:00,Google,CAMP-006,Product View
SES-101378,2026-10-05T10:00:00,Google,CAMP-006,Landing Page
SES-101378,2026-10-05T10:01:00,Google,CAMP-006,Product View
SES-101379,2026-10-05T10:00:00,Google,CAMP-006,Landing Page
SES-101380,2026-10-05T10:00:00,Google,CAMP-006,Landing Page
SES-101381,2026-10-05T10:00:00,Google,CAMP-006,Landing Page
SES-101381,2026-10-05T10:01:00,Google,CAMP-006,Product View
SES-101382,2026-10-05T10:00:00,Google,CAMP-006,Landing Page
SES-101383,2026-10-05T10:00:00,Google,CAMP-006,Landing Page
SES-101384,2026-10-05T10:00:00,Google,CAMP-006,Landing Page
SES-101385,2026-10-05T10:00:00,Google,CAMP-006,Landing Page
SES-101385,2026-10-05T10:01:00,Google,CAMP-006,Product View
SES-101386,2026-10-05T10:00:00,Google,CAMP-006,Landing Page
SES-101387,2026-10-05T10:00:00,Google,CAMP-006,Landing Page
SES-101387,2026-10-05T10:01:00,Google,CAMP-006,Product View
SES-101387,2026-10-05T10:03:00,Google,CAMP-006,Add to Cart
SES-101387,2026-10-05T10:05:00,Google,CAMP-006,Purchase
SES-101388,2026-10-05T10:00:00,Google,CAMP-006,Landing Page
SES-101389,2026-10-05T10:00:00,Google,CAMP-006,Landing Page
SES-101389,2026-10-05T10:01:00,Google,CAMP-006,Product View
SES-101390,2026-10-05T10:00:00,Google,CAMP-006,Landing Page
SES-101390,2026-10-05T10:01:00,Google,CAMP-006,Product View
SES-101390,2026-10-05T10:03:00,Google,CAMP-006,Add to Cart
SES-101391,2026-10-05T10:00:00,Google,CAMP-006,Landing Page
SES-101391,2026-10-05T10:01:00,Google,CAMP-006,Product View
SES-101392,2026-10-05T10:00:00,Google,CAMP-006,Landing Page
SES-101392,2026-10-05T10:01:00,Google,CAMP-006,Product View
SES-101393,2026-10-05T10:00:00,Google,CAMP-006,Landing Page
SES-101393,2026-10-05T10:01:00,Google,CAMP-006,Product View
SES-101394,2026-10-05T10:00:00,Google,CAMP-006,Landing Page
SES-101395,2026-10-05T10:00:00,Google,CAMP-006,Landing Page
SES-101395,2026-10-05T10:01:00,Google,CAMP-006,Product View
SES-101396,2026-10-05T10:00:00,Google,CAMP-006,Landing Page
SES-101396,2026-10-05T10:01:00,Google,CAMP-006,Product View
SES-101397,2026-10-05T10:00:00,Google,CAMP-006,Landing Page
SES-101397,2026-10-05T10:01:00,Google,CAMP-006,Product View
SES-101397,2026-10-05T10:03:00,Google,CAMP-006,Add to Cart
SES-101398,2026-10-05T10:00:00,Google,CAMP-006,Landing Page
SES-101398,2026-10-05T10:01:00,Google,CAMP-006,Product View
SES-101399,2026-10-05T10:00:00,Google,CAMP-006,Landing Page
SES-101399,2026-10-05T10:01:00,Google,CAMP-006,Product View
SES-101399,2026-10-05T10:03:00,Google,CAMP-006,Add to Cart
SES-101400,2026-10-06T10:00:00,Google,CAMP-006,Landing Page
SES-101401,2026-10-06T10:00:00,Google,CAMP-006,Landing Page
SES-101401,2026-10-06T10:01:00,Google,CAMP-006,Product View
SES-101402,2026-10-06T10:00:00,Google,CAMP-006,Landing Page
SES-101402,2026-10-06T10:01:00,Google,CAMP-006,Product View
SES-101402,2026-10-06T10:03:00,Google,CAMP-006,Add to Cart
SES-101403,2026-10-06T10:00:00,Google,CAMP-006,Landing Page
SES-101404,2026-10-06T10:00:00,Google,CAMP-006,Landing Page
SES-101404,2026-10-06T10:01:00,Google,CAMP-006,Product View
SES-101405,2026-10-06T10:00:00,Google,CAMP-006,Landing Page
SES-101405,2026-10-06T10:01:00,Google,CAMP-006,Product View
SES-101406,2026-10-06T10:00:00,Google,CAMP-006,Landing Page
SES-101406,2026-10-06T10:01:00,Google,CAMP-006,Product View
SES-101406,2026-10-06T10:03:00,Google,CAMP-006,Add to Cart
SES-101407,2026-10-06T10:00:00,Google,CAMP-006,Landing Page
SES-101407,2026-10-06T10:01:00,Google,CAMP-006,Product View
SES-101408,2026-10-06T10:00:00,Google,CAMP-006,Landing Page
SES-101408,2026-10-06T10:01:00,Google,CAMP-006,Product View
SES-101409,2026-10-06T10:00:00,Google,CAMP-006,Landing Page
SES-101410,2026-10-06T10:00:00,Google,CAMP-006,Landing Page
SES-101411,2026-10-06T10:00:00,Google,CAMP-006,Landing Page
SES-101412,2026-10-06T10:00:00,Google,CAMP-006,Landing Page
SES-101412,2026-10-06T10:01:00,Google,CAMP-006,Product View
SES-101413,2026-10-06T10:00:00,Google,CAMP-006,Landing Page
SES-101414,2026-10-06T10:00:00,Google,CAMP-006,Landing Page
SES-101414,2026-10-06T10:01:00,Google,CAMP-006,Product View
SES-101415,2026-10-06T10:00:00,Google,CAMP-006,Landing Page
SES-101415,2026-10-06T10:01:00,Google,CAMP-006,Product View
SES-101415,2026-10-06T10:03:00,Google,CAMP-006,Add to Cart
SES-101416,2026-10-06T10:00:00,Google,CAMP-006,Landing Page
SES-101417,2026-10-06T10:00:00,Google,CAMP-006,Landing Page
SES-101417,2026-10-06T10:01:00,Google,CAMP-006,Product View
SES-101418,2026-10-06T10:00:00,Google,CAMP-006,Landing Page
SES-101419,2026-10-06T10:00:00,Google,CAMP-006,Landing Page
SES-101420,2026-10-06T10:00:00,Google,CAMP-006,Landing Page
SES-101420,2026-10-06T10:01:00,Google,CAMP-006,Product View
SES-101420,2026-10-06T10:03:00,Google,CAMP-006,Add to Cart
SES-101420,2026-10-06T10:05:00,Google,CAMP-006,Purchase
SES-101421,2026-10-06T10:00:00,Google,CAMP-006,Landing Page
SES-101421,2026-10-06T10:01:00,Google,CAMP-006,Product View
SES-101422,2026-10-06T10:00:00,Google,CAMP-006,Landing Page
SES-101422,2026-10-06T10:01:00,Google,CAMP-006,Product View
SES-101423,2026-10-06T10:00:00,Google,CAMP-006,Landing Page
SES-101424,2026-10-06T10:00:00,Google,CAMP-006,Landing Page
SES-101424,2026-10-06T10:01:00,Google,CAMP-006,Product View
SES-101424,2026-10-06T10:03:00,Google,CAMP-006,Add to Cart
SES-101424,2026-10-06T10:05:00,Google,CAMP-006,Purchase
SES-101425,2026-10-06T10:00:00,Google,CAMP-006,Landing Page
SES-101425,2026-10-06T10:01:00,Google,CAMP-006,Product View
SES-101426,2026-10-06T10:00:00,Google,CAMP-006,Landing Page
SES-101426,2026-10-06T10:01:00,Google,CAMP-006,Product View
SES-101426,2026-10-06T10:03:00,Google,CAMP-006,Add to Cart
SES-101427,2026-10-06T10:00:00,Google,CAMP-006,Landing Page
SES-101427,2026-10-06T10:01:00,Google,CAMP-006,Product View
SES-101427,2026-10-06T10:03:00,Google,CAMP-006,Add to Cart
SES-101428,2026-10-06T10:00:00,Google,CAMP-006,Landing Page
SES-101428,2026-10-06T10:01:00,Google,CAMP-006,Product View
SES-101429,2026-10-06T10:00:00,Google,CAMP-006,Landing Page
SES-101430,2026-10-06T10:00:00,Google,CAMP-006,Landing Page
SES-101431,2026-10-06T10:00:00,Google,CAMP-006,Landing Page
SES-101432,2026-10-06T10:00:00,Google,CAMP-006,Landing Page
SES-101432,2026-10-06T10:01:00,Google,CAMP-006,Product View
SES-101432,2026-10-06T10:03:00,Google,CAMP-006,Add to Cart
SES-101432,2026-10-06T10:05:00,Google,CAMP-006,Purchase
SES-101433,2026-10-06T10:00:00,Google,CAMP-006,Landing Page
SES-101433,2026-10-06T10:01:00,Google,CAMP-006,Product View
SES-101434,2026-10-06T10:00:00,Google,CAMP-006,Landing Page
SES-101434,2026-10-06T10:01:00,Google,CAMP-006,Product View
SES-101434,2026-10-06T10:03:00,Google,CAMP-006,Add to Cart
SES-101435,2026-10-06T10:00:00,Google,CAMP-006,Landing Page
SES-101436,2026-10-06T10:00:00,Google,CAMP-006,Landing Page
SES-101436,2026-10-06T10:01:00,Google,CAMP-006,Product View
SES-101437,2026-10-06T10:00:00,Google,CAMP-006,Landing Page
SES-101438,2026-10-06T10:00:00,Google,CAMP-006,Landing Page
SES-101439,2026-10-06T10:00:00,Google,CAMP-006,Landing Page
SES-101439,2026-10-06T10:01:00,Google,CAMP-006,Product View
SES-101440,2026-10-06T10:00:00,Google,CAMP-006,Landing Page
SES-101440,2026-10-06T10:01:00,Google,CAMP-006,Product View
SES-101441,2026-10-06T10:00:00,Google,CAMP-006,Landing Page
SES-101441,2026-10-06T10:01:00,Google,CAMP-006,Product View
SES-101442,2026-10-06T10:00:00,Google,CAMP-006,Landing Page
SES-101442,2026-10-06T10:01:00,Google,CAMP-006,Product View
SES-101442,2026-10-06T10:03:00,Google,CAMP-006,Add to Cart
SES-101443,2026-10-06T10:00:00,Google,CAMP-006,Landing Page
SES-101443,2026-10-06T10:01:00,Google,CAMP-006,Product View
SES-101444,2026-10-06T10:00:00,Google,CAMP-006,Landing Page
SES-101444,2026-10-06T10:01:00,Google,CAMP-006,Product View
SES-101445,2026-10-06T10:00:00,Google,CAMP-006,Landing Page
SES-101446,2026-10-06T10:00:00,Google,CAMP-006,Landing Page
SES-101446,2026-10-06T10:01:00,Google,CAMP-006,Product View
SES-101447,2026-10-06T10:00:00,Google,CAMP-006,Landing Page
SES-101448,2026-10-06T10:00:00,Google,CAMP-006,Landing Page
SES-101449,2026-10-06T10:00:00,Google,CAMP-006,Landing Page
SES-101449,2026-10-06T10:01:00,Google,CAMP-006,Product View
SES-101450,2026-10-07T10:00:00,Google,CAMP-006,Landing Page
SES-101450,2026-10-07T10:01:00,Google,CAMP-006,Product View
SES-101451,2026-10-07T10:00:00,Google,CAMP-006,Landing Page
SES-101452,2026-10-07T10:00:00,Google,CAMP-006,Landing Page
SES-101452,2026-10-07T10:01:00,Google,CAMP-006,Product View
SES-101453,2026-10-07T10:00:00,Google,CAMP-006,Landing Page
SES-101454,2026-10-07T10:00:00,Google,CAMP-006,Landing Page
SES-101455,2026-10-07T10:00:00,Google,CAMP-006,Landing Page
SES-101456,2026-10-07T10:00:00,Google,CAMP-006,Landing Page
SES-101457,2026-10-07T10:00:00,Google,CAMP-006,Landing Page
SES-101458,2026-10-07T10:00:00,Google,CAMP-006,Landing Page
SES-101459,2026-10-07T10:00:00,Google,CAMP-006,Landing Page
SES-101460,2026-10-07T10:00:00,Google,CAMP-006,Landing Page
SES-101461,2026-10-07T10:00:00,Google,CAMP-006,Landing Page
SES-101462,2026-10-07T10:00:00,Google,CAMP-006,Landing Page
SES-101462,2026-10-07T10:01:00,Google,CAMP-006,Product View
SES-101463,2026-10-07T10:00:00,Google,CAMP-006,Landing Page
SES-101463,2026-10-07T10:01:00,Google,CAMP-006,Product View
SES-101463,2026-10-07T10:03:00,Google,CAMP-006,Add to Cart
SES-101464,2026-10-07T10:00:00,Google,CAMP-006,Landing Page
SES-101465,2026-10-07T10:00:00,Google,CAMP-006,Landing Page
SES-101466,2026-10-07T10:00:00,Google,CAMP-006,Landing Page
SES-101466,2026-10-07T10:01:00,Google,CAMP-006,Product View
SES-101467,2026-10-07T10:00:00,Google,CAMP-006,Landing Page
SES-101468,2026-10-07T10:00:00,Google,CAMP-006,Landing Page
SES-101469,2026-10-07T10:00:00,Google,CAMP-006,Landing Page
SES-101470,2026-10-07T10:00:00,Google,CAMP-006,Landing Page
SES-101470,2026-10-07T10:01:00,Google,CAMP-006,Product View
SES-101471,2026-10-07T10:00:00,Google,CAMP-006,Landing Page
SES-101471,2026-10-07T10:01:00,Google,CAMP-006,Product View
SES-101471,2026-10-07T10:03:00,Google,CAMP-006,Add to Cart
SES-101471,2026-10-07T10:05:00,Google,CAMP-006,Purchase
SES-101472,2026-10-07T10:00:00,Google,CAMP-006,Landing Page
SES-101473,2026-10-07T10:00:00,Google,CAMP-006,Landing Page
SES-101474,2026-10-07T10:00:00,Google,CAMP-006,Landing Page
SES-101474,2026-10-07T10:01:00,Google,CAMP-006,Product View
SES-101475,2026-10-07T10:00:00,Google,CAMP-006,Landing Page
SES-101475,2026-10-07T10:01:00,Google,CAMP-006,Product View
SES-101475,2026-10-07T10:03:00,Google,CAMP-006,Add to Cart
SES-101476,2026-10-07T10:00:00,Google,CAMP-006,Landing Page
SES-101476,2026-10-07T10:01:00,Google,CAMP-006,Product View
SES-101477,2026-10-07T10:00:00,Google,CAMP-006,Landing Page
SES-101478,2026-10-07T10:00:00,Google,CAMP-006,Landing Page
SES-101479,2026-10-07T10:00:00,Google,CAMP-006,Landing Page
SES-101480,2026-10-07T10:00:00,Google,CAMP-006,Landing Page
SES-101480,2026-10-07T10:01:00,Google,CAMP-006,Product View
SES-101481,2026-10-07T10:00:00,Google,CAMP-006,Landing Page
SES-101482,2026-10-07T10:00:00,Google,CAMP-006,Landing Page
SES-101483,2026-10-07T10:00:00,Google,CAMP-006,Landing Page
SES-101483,2026-10-07T10:01:00,Google,CAMP-006,Product View
SES-101484,2026-10-07T10:00:00,Google,CAMP-006,Landing Page
SES-101484,2026-10-07T10:01:00,Google,CAMP-006,Product View
SES-101485,2026-10-07T10:00:00,Google,CAMP-006,Landing Page
SES-101486,2026-10-07T10:00:00,Google,CAMP-006,Landing Page
SES-101486,2026-10-07T10:01:00,Google,CAMP-006,Product View
SES-101487,2026-10-07T10:00:00,Google,CAMP-006,Landing Page
SES-101487,2026-10-07T10:01:00,Google,CAMP-006,Product View
SES-101488,2026-10-07T10:00:00,Google,CAMP-006,Landing Page
SES-101488,2026-10-07T10:01:00,Google,CAMP-006,Product View
SES-101488,2026-10-07T10:03:00,Google,CAMP-006,Add to Cart
SES-101489,2026-10-07T10:00:00,Google,CAMP-006,Landing Page
SES-101489,2026-10-07T10:01:00,Google,CAMP-006,Product View
SES-101489,2026-10-07T10:03:00,Google,CAMP-006,Add to Cart
SES-101490,2026-10-07T10:00:00,Google,CAMP-006,Landing Page
SES-101491,2026-10-07T10:00:00,Google,CAMP-006,Landing Page
SES-101491,2026-10-07T10:01:00,Google,CAMP-006,Product View
SES-101492,2026-10-07T10:00:00,Google,CAMP-006,Landing Page
SES-101492,2026-10-07T10:01:00,Google,CAMP-006,Product View
SES-101493,2026-10-07T10:00:00,Google,CAMP-006,Landing Page
SES-101493,2026-10-07T10:01:00,Google,CAMP-006,Product View
SES-101493,2026-10-07T10:03:00,Google,CAMP-006,Add to Cart
SES-101494,2026-10-07T10:00:00,Google,CAMP-006,Landing Page
SES-101494,2026-10-07T10:01:00,Google,CAMP-006,Product View
SES-101494,2026-10-07T10:03:00,Google,CAMP-006,Add to Cart
SES-101494,2026-10-07T10:05:00,Google,CAMP-006,Purchase
SES-101495,2026-10-07T10:00:00,Google,CAMP-006,Landing Page
SES-101495,2026-10-07T10:01:00,Google,CAMP-006,Product View
SES-101495,2026-10-07T10:03:00,Google,CAMP-006,Add to Cart
SES-101496,2026-10-07T10:00:00,Google,CAMP-006,Landing Page
SES-101497,2026-10-07T10:00:00,Google,CAMP-006,Landing Page
SES-101497,2026-10-07T10:01:00,Google,CAMP-006,Product View
SES-101498,2026-10-07T10:00:00,Google,CAMP-006,Landing Page
SES-101499,2026-10-07T10:00:00,Google,CAMP-006,Landing Page
SES-101499,2026-10-07T10:01:00,Google,CAMP-006,Product View
SES-101500,2026-10-03T10:00:00,Meta,CAMP-007,Landing Page
SES-101501,2026-10-03T10:00:00,Meta,CAMP-007,Landing Page
SES-101501,2026-10-03T10:01:00,Meta,CAMP-007,Product View
SES-101502,2026-10-03T10:00:00,Meta,CAMP-007,Landing Page
SES-101502,2026-10-03T10:01:00,Meta,CAMP-007,Product View
SES-101503,2026-10-03T10:00:00,Meta,CAMP-007,Landing Page
SES-101504,2026-10-03T10:00:00,Meta,CAMP-007,Landing Page
SES-101505,2026-10-03T10:00:00,Meta,CAMP-007,Landing Page
SES-101506,2026-10-03T10:00:00,Meta,CAMP-007,Landing Page
SES-101507,2026-10-03T10:00:00,Meta,CAMP-007,Landing Page
SES-101507,2026-10-03T10:01:00,Meta,CAMP-007,Product View
SES-101508,2026-10-03T10:00:00,Meta,CAMP-007,Landing Page
SES-101509,2026-10-03T10:00:00,Meta,CAMP-007,Landing Page
SES-101510,2026-10-03T10:00:00,Meta,CAMP-007,Landing Page
SES-101510,2026-10-03T10:01:00,Meta,CAMP-007,Product View
SES-101510,2026-10-03T10:03:00,Meta,CAMP-007,Add to Cart
SES-101511,2026-10-03T10:00:00,Meta,CAMP-007,Landing Page
SES-101512,2026-10-03T10:00:00,Meta,CAMP-007,Landing Page
SES-101512,2026-10-03T10:01:00,Meta,CAMP-007,Product View
SES-101512,2026-10-03T10:03:00,Meta,CAMP-007,Add to Cart
SES-101513,2026-10-03T10:00:00,Meta,CAMP-007,Landing Page
SES-101513,2026-10-03T10:01:00,Meta,CAMP-007,Product View
SES-101514,2026-10-03T10:00:00,Meta,CAMP-007,Landing Page
SES-101515,2026-10-03T10:00:00,Meta,CAMP-007,Landing Page
SES-101516,2026-10-03T10:00:00,Meta,CAMP-007,Landing Page
SES-101516,2026-10-03T10:01:00,Meta,CAMP-007,Product View
SES-101517,2026-10-03T10:00:00,Meta,CAMP-007,Landing Page
SES-101518,2026-10-03T10:00:00,Meta,CAMP-007,Landing Page
SES-101518,2026-10-03T10:01:00,Meta,CAMP-007,Product View
SES-101519,2026-10-03T10:00:00,Meta,CAMP-007,Landing Page
SES-101519,2026-10-03T10:01:00,Meta,CAMP-007,Product View
SES-101519,2026-10-03T10:03:00,Meta,CAMP-007,Add to Cart
SES-101519,2026-10-03T10:05:00,Meta,CAMP-007,Purchase
SES-101520,2026-10-03T10:00:00,Meta,CAMP-007,Landing Page
SES-101520,2026-10-03T10:01:00,Meta,CAMP-007,Product View
SES-101521,2026-10-03T10:00:00,Meta,CAMP-007,Landing Page
SES-101521,2026-10-03T10:01:00,Meta,CAMP-007,Product View
SES-101522,2026-10-03T10:00:00,Meta,CAMP-007,Landing Page
SES-101522,2026-10-03T10:01:00,Meta,CAMP-007,Product View
SES-101523,2026-10-03T10:00:00,Meta,CAMP-007,Landing Page
SES-101524,2026-10-03T10:00:00,Meta,CAMP-007,Landing Page
SES-101524,2026-10-03T10:01:00,Meta,CAMP-007,Product View
SES-101524,2026-10-03T10:03:00,Meta,CAMP-007,Add to Cart
SES-101524,2026-10-03T10:05:00,Meta,CAMP-007,Purchase
SES-101525,2026-10-03T10:00:00,Meta,CAMP-007,Landing Page
SES-101526,2026-10-03T10:00:00,Meta,CAMP-007,Landing Page
SES-101526,2026-10-03T10:01:00,Meta,CAMP-007,Product View
SES-101527,2026-10-03T10:00:00,Meta,CAMP-007,Landing Page
SES-101528,2026-10-03T10:00:00,Meta,CAMP-007,Landing Page
SES-101528,2026-10-03T10:01:00,Meta,CAMP-007,Product View
SES-101529,2026-10-03T10:00:00,Meta,CAMP-007,Landing Page
SES-101530,2026-10-03T10:00:00,Meta,CAMP-007,Landing Page
SES-101530,2026-10-03T10:01:00,Meta,CAMP-007,Product View
SES-101530,2026-10-03T10:03:00,Meta,CAMP-007,Add to Cart
SES-101531,2026-10-03T10:00:00,Meta,CAMP-007,Landing Page
SES-101532,2026-10-03T10:00:00,Meta,CAMP-007,Landing Page
SES-101532,2026-10-03T10:01:00,Meta,CAMP-007,Product View
SES-101533,2026-10-03T10:00:00,Meta,CAMP-007,Landing Page
SES-101533,2026-10-03T10:01:00,Meta,CAMP-007,Product View
SES-101534,2026-10-03T10:00:00,Meta,CAMP-007,Landing Page
SES-101535,2026-10-03T10:00:00,Meta,CAMP-007,Landing Page
SES-101535,2026-10-03T10:01:00,Meta,CAMP-007,Product View
SES-101536,2026-10-03T10:00:00,Meta,CAMP-007,Landing Page
SES-101536,2026-10-03T10:01:00,Meta,CAMP-007,Product View
SES-101537,2026-10-03T10:00:00,Meta,CAMP-007,Landing Page
SES-101537,2026-10-03T10:01:00,Meta,CAMP-007,Product View
SES-101538,2026-10-03T10:00:00,Meta,CAMP-007,Landing Page
SES-101539,2026-10-03T10:00:00,Meta,CAMP-007,Landing Page
SES-101540,2026-10-03T10:00:00,Meta,CAMP-007,Landing Page
SES-101540,2026-10-03T10:01:00,Meta,CAMP-007,Product View
SES-101541,2026-10-03T10:00:00,Meta,CAMP-007,Landing Page
SES-101541,2026-10-03T10:01:00,Meta,CAMP-007,Product View
SES-101542,2026-10-03T10:00:00,Meta,CAMP-007,Landing Page
SES-101542,2026-10-03T10:01:00,Meta,CAMP-007,Product View
SES-101543,2026-10-03T10:00:00,Meta,CAMP-007,Landing Page
SES-101543,2026-10-03T10:01:00,Meta,CAMP-007,Product View
SES-101544,2026-10-03T10:00:00,Meta,CAMP-007,Landing Page
SES-101544,2026-10-03T10:01:00,Meta,CAMP-007,Product View
SES-101544,2026-10-03T10:03:00,Meta,CAMP-007,Add to Cart
SES-101544,2026-10-03T10:05:00,Meta,CAMP-007,Purchase
SES-101545,2026-10-03T10:00:00,Meta,CAMP-007,Landing Page
SES-101545,2026-10-03T10:01:00,Meta,CAMP-007,Product View
SES-101545,2026-10-03T10:03:00,Meta,CAMP-007,Add to Cart
SES-101546,2026-10-03T10:00:00,Meta,CAMP-007,Landing Page
SES-101546,2026-10-03T10:01:00,Meta,CAMP-007,Product View
SES-101547,2026-10-03T10:00:00,Meta,CAMP-007,Landing Page
SES-101548,2026-10-03T10:00:00,Meta,CAMP-007,Landing Page
SES-101549,2026-10-03T10:00:00,Meta,CAMP-007,Landing Page
SES-101549,2026-10-03T10:01:00,Meta,CAMP-007,Product View
SES-101549,2026-10-03T10:03:00,Meta,CAMP-007,Add to Cart
SES-101550,2026-10-04T10:00:00,Meta,CAMP-007,Landing Page
SES-101551,2026-10-04T10:00:00,Meta,CAMP-007,Landing Page
SES-101552,2026-10-04T10:00:00,Meta,CAMP-007,Landing Page
SES-101553,2026-10-04T10:00:00,Meta,CAMP-007,Landing Page
SES-101554,2026-10-04T10:00:00,Meta,CAMP-007,Landing Page
SES-101554,2026-10-04T10:01:00,Meta,CAMP-007,Product View
SES-101555,2026-10-04T10:00:00,Meta,CAMP-007,Landing Page
SES-101556,2026-10-04T10:00:00,Meta,CAMP-007,Landing Page
SES-101556,2026-10-04T10:01:00,Meta,CAMP-007,Product View
SES-101557,2026-10-04T10:00:00,Meta,CAMP-007,Landing Page
SES-101558,2026-10-04T10:00:00,Meta,CAMP-007,Landing Page
SES-101558,2026-10-04T10:01:00,Meta,CAMP-007,Product View
SES-101559,2026-10-04T10:00:00,Meta,CAMP-007,Landing Page
SES-101559,2026-10-04T10:01:00,Meta,CAMP-007,Product View
SES-101560,2026-10-04T10:00:00,Meta,CAMP-007,Landing Page
SES-101561,2026-10-04T10:00:00,Meta,CAMP-007,Landing Page
SES-101562,2026-10-04T10:00:00,Meta,CAMP-007,Landing Page
SES-101562,2026-10-04T10:01:00,Meta,CAMP-007,Product View
SES-101563,2026-10-04T10:00:00,Meta,CAMP-007,Landing Page
SES-101563,2026-10-04T10:01:00,Meta,CAMP-007,Product View
SES-101564,2026-10-04T10:00:00,Meta,CAMP-007,Landing Page
SES-101565,2026-10-04T10:00:00,Meta,CAMP-007,Landing Page
SES-101565,2026-10-04T10:01:00,Meta,CAMP-007,Product View
SES-101566,2026-10-04T10:00:00,Meta,CAMP-007,Landing Page
SES-101566,2026-10-04T10:01:00,Meta,CAMP-007,Product View
SES-101567,2026-10-04T10:00:00,Meta,CAMP-007,Landing Page
SES-101568,2026-10-04T10:00:00,Meta,CAMP-007,Landing Page
SES-101568,2026-10-04T10:01:00,Meta,CAMP-007,Product View
SES-101569,2026-10-04T10:00:00,Meta,CAMP-007,Landing Page
SES-101569,2026-10-04T10:01:00,Meta,CAMP-007,Product View
SES-101570,2026-10-04T10:00:00,Meta,CAMP-007,Landing Page
SES-101570,2026-10-04T10:01:00,Meta,CAMP-007,Product View
SES-101570,2026-10-04T10:03:00,Meta,CAMP-007,Add to Cart
SES-101570,2026-10-04T10:05:00,Meta,CAMP-007,Purchase
SES-101571,2026-10-04T10:00:00,Meta,CAMP-007,Landing Page
SES-101572,2026-10-04T10:00:00,Meta,CAMP-007,Landing Page
SES-101572,2026-10-04T10:01:00,Meta,CAMP-007,Product View
SES-101572,2026-10-04T10:03:00,Meta,CAMP-007,Add to Cart
SES-101573,2026-10-04T10:00:00,Meta,CAMP-007,Landing Page
SES-101573,2026-10-04T10:01:00,Meta,CAMP-007,Product View
SES-101574,2026-10-04T10:00:00,Meta,CAMP-007,Landing Page
SES-101574,2026-10-04T10:01:00,Meta,CAMP-007,Product View
SES-101574,2026-10-04T10:03:00,Meta,CAMP-007,Add to Cart
SES-101574,2026-10-04T10:05:00,Meta,CAMP-007,Purchase
SES-101575,2026-10-04T10:00:00,Meta,CAMP-007,Landing Page
SES-101575,2026-10-04T10:01:00,Meta,CAMP-007,Product View
SES-101575,2026-10-04T10:03:00,Meta,CAMP-007,Add to Cart
SES-101575,2026-10-04T10:05:00,Meta,CAMP-007,Purchase
SES-101576,2026-10-04T10:00:00,Meta,CAMP-007,Landing Page
SES-101577,2026-10-04T10:00:00,Meta,CAMP-007,Landing Page
SES-101577,2026-10-04T10:01:00,Meta,CAMP-007,Product View
SES-101578,2026-10-04T10:00:00,Meta,CAMP-007,Landing Page
SES-101578,2026-10-04T10:01:00,Meta,CAMP-007,Product View
SES-101579,2026-10-04T10:00:00,Meta,CAMP-007,Landing Page
SES-101579,2026-10-04T10:01:00,Meta,CAMP-007,Product View
SES-101580,2026-10-04T10:00:00,Meta,CAMP-007,Landing Page
SES-101581,2026-10-04T10:00:00,Meta,CAMP-007,Landing Page
SES-101581,2026-10-04T10:01:00,Meta,CAMP-007,Product View
SES-101582,2026-10-04T10:00:00,Meta,CAMP-007,Landing Page
SES-101582,2026-10-04T10:01:00,Meta,CAMP-007,Product View
SES-101582,2026-10-04T10:03:00,Meta,CAMP-007,Add to Cart
SES-101582,2026-10-04T10:05:00,Meta,CAMP-007,Purchase
SES-101583,2026-10-04T10:00:00,Meta,CAMP-007,Landing Page
SES-101583,2026-10-04T10:01:00,Meta,CAMP-007,Product View
SES-101584,2026-10-04T10:00:00,Meta,CAMP-007,Landing Page
SES-101584,2026-10-04T10:01:00,Meta,CAMP-007,Product View
SES-101585,2026-10-04T10:00:00,Meta,CAMP-007,Landing Page
SES-101585,2026-10-04T10:01:00,Meta,CAMP-007,Product View
SES-101586,2026-10-04T10:00:00,Meta,CAMP-007,Landing Page
SES-101586,2026-10-04T10:01:00,Meta,CAMP-007,Product View
SES-101587,2026-10-04T10:00:00,Meta,CAMP-007,Landing Page
SES-101588,2026-10-04T10:00:00,Meta,CAMP-007,Landing Page
SES-101589,2026-10-04T10:00:00,Meta,CAMP-007,Landing Page
SES-101589,2026-10-04T10:01:00,Meta,CAMP-007,Product View
SES-101590,2026-10-04T10:00:00,Meta,CAMP-007,Landing Page
SES-101590,2026-10-04T10:01:00,Meta,CAMP-007,Product View
SES-101591,2026-10-04T10:00:00,Meta,CAMP-007,Landing Page
SES-101591,2026-10-04T10:01:00,Meta,CAMP-007,Product View
SES-101592,2026-10-04T10:00:00,Meta,CAMP-007,Landing Page
SES-101592,2026-10-04T10:01:00,Meta,CAMP-007,Product View
SES-101592,2026-10-04T10:03:00,Meta,CAMP-007,Add to Cart
SES-101592,2026-10-04T10:05:00,Meta,CAMP-007,Purchase
SES-101593,2026-10-04T10:00:00,Meta,CAMP-007,Landing Page
SES-101593,2026-10-04T10:01:00,Meta,CAMP-007,Product View
SES-101593,2026-10-04T10:03:00,Meta,CAMP-007,Add to Cart
SES-101594,2026-10-04T10:00:00,Meta,CAMP-007,Landing Page
SES-101595,2026-10-04T10:00:00,Meta,CAMP-007,Landing Page
SES-101595,2026-10-04T10:01:00,Meta,CAMP-007,Product View
SES-101596,2026-10-04T10:00:00,Meta,CAMP-007,Landing Page
SES-101596,2026-10-04T10:01:00,Meta,CAMP-007,Product View
SES-101597,2026-10-04T10:00:00,Meta,CAMP-007,Landing Page
SES-101597,2026-10-04T10:01:00,Meta,CAMP-007,Product View
SES-101598,2026-10-04T10:00:00,Meta,CAMP-007,Landing Page
SES-101598,2026-10-04T10:01:00,Meta,CAMP-007,Product View
SES-101599,2026-10-04T10:00:00,Meta,CAMP-007,Landing Page
SES-101599,2026-10-04T10:01:00,Meta,CAMP-007,Product View
SES-101600,2026-10-05T10:00:00,Meta,CAMP-007,Landing Page
SES-101600,2026-10-05T10:01:00,Meta,CAMP-007,Product View
SES-101601,2026-10-05T10:00:00,Meta,CAMP-007,Landing Page
SES-101602,2026-10-05T10:00:00,Meta,CAMP-007,Landing Page
SES-101603,2026-10-05T10:00:00,Meta,CAMP-007,Landing Page
SES-101604,2026-10-05T10:00:00,Meta,CAMP-007,Landing Page
SES-101604,2026-10-05T10:01:00,Meta,CAMP-007,Product View
SES-101604,2026-10-05T10:03:00,Meta,CAMP-007,Add to Cart
SES-101605,2026-10-05T10:00:00,Meta,CAMP-007,Landing Page
SES-101605,2026-10-05T10:01:00,Meta,CAMP-007,Product View
SES-101606,2026-10-05T10:00:00,Meta,CAMP-007,Landing Page
SES-101606,2026-10-05T10:01:00,Meta,CAMP-007,Product View
SES-101607,2026-10-05T10:00:00,Meta,CAMP-007,Landing Page
SES-101607,2026-10-05T10:01:00,Meta,CAMP-007,Product View
SES-101608,2026-10-05T10:00:00,Meta,CAMP-007,Landing Page
SES-101609,2026-10-05T10:00:00,Meta,CAMP-007,Landing Page
SES-101609,2026-10-05T10:01:00,Meta,CAMP-007,Product View
SES-101609,2026-10-05T10:03:00,Meta,CAMP-007,Add to Cart
SES-101610,2026-10-05T10:00:00,Meta,CAMP-007,Landing Page
SES-101610,2026-10-05T10:01:00,Meta,CAMP-007,Product View
SES-101611,2026-10-05T10:00:00,Meta,CAMP-007,Landing Page
SES-101611,2026-10-05T10:01:00,Meta,CAMP-007,Product View
SES-101612,2026-10-05T10:00:00,Meta,CAMP-007,Landing Page
SES-101612,2026-10-05T10:01:00,Meta,CAMP-007,Product View
SES-101613,2026-10-05T10:00:00,Meta,CAMP-007,Landing Page
SES-101613,2026-10-05T10:01:00,Meta,CAMP-007,Product View
SES-101614,2026-10-05T10:00:00,Meta,CAMP-007,Landing Page
SES-101615,2026-10-05T10:00:00,Meta,CAMP-007,Landing Page
SES-101615,2026-10-05T10:01:00,Meta,CAMP-007,Product View
SES-101616,2026-10-05T10:00:00,Meta,CAMP-007,Landing Page
SES-101616,2026-10-05T10:01:00,Meta,CAMP-007,Product View
SES-101616,2026-10-05T10:03:00,Meta,CAMP-007,Add to Cart
SES-101616,2026-10-05T10:05:00,Meta,CAMP-007,Purchase
SES-101617,2026-10-05T10:00:00,Meta,CAMP-007,Landing Page
SES-101617,2026-10-05T10:01:00,Meta,CAMP-007,Product View
SES-101618,2026-10-05T10:00:00,Meta,CAMP-007,Landing Page
SES-101618,2026-10-05T10:01:00,Meta,CAMP-007,Product View
SES-101619,2026-10-05T10:00:00,Meta,CAMP-007,Landing Page
SES-101619,2026-10-05T10:01:00,Meta,CAMP-007,Product View
SES-101620,2026-10-05T10:00:00,Meta,CAMP-007,Landing Page
SES-101620,2026-10-05T10:01:00,Meta,CAMP-007,Product View
SES-101621,2026-10-05T10:00:00,Meta,CAMP-007,Landing Page
SES-101621,2026-10-05T10:01:00,Meta,CAMP-007,Product View
SES-101622,2026-10-05T10:00:00,Meta,CAMP-007,Landing Page
SES-101622,2026-10-05T10:01:00,Meta,CAMP-007,Product View
SES-101623,2026-10-05T10:00:00,Meta,CAMP-007,Landing Page
SES-101623,2026-10-05T10:01:00,Meta,CAMP-007,Product View
SES-101623,2026-10-05T10:03:00,Meta,CAMP-007,Add to Cart
SES-101624,2026-10-05T10:00:00,Meta,CAMP-007,Landing Page
SES-101624,2026-10-05T10:01:00,Meta,CAMP-007,Product View
SES-101624,2026-10-05T10:03:00,Meta,CAMP-007,Add to Cart
SES-101624,2026-10-05T10:05:00,Meta,CAMP-007,Purchase
SES-101625,2026-10-05T10:00:00,Meta,CAMP-007,Landing Page
SES-101625,2026-10-05T10:01:00,Meta,CAMP-007,Product View
SES-101626,2026-10-05T10:00:00,Meta,CAMP-007,Landing Page
SES-101627,2026-10-05T10:00:00,Meta,CAMP-007,Landing Page
SES-101627,2026-10-05T10:01:00,Meta,CAMP-007,Product View
SES-101628,2026-10-05T10:00:00,Meta,CAMP-007,Landing Page
SES-101629,2026-10-05T10:00:00,Meta,CAMP-007,Landing Page
SES-101629,2026-10-05T10:01:00,Meta,CAMP-007,Product View
SES-101630,2026-10-05T10:00:00,Meta,CAMP-007,Landing Page
SES-101630,2026-10-05T10:01:00,Meta,CAMP-007,Product View
SES-101630,2026-10-05T10:03:00,Meta,CAMP-007,Add to Cart
SES-101631,2026-10-05T10:00:00,Meta,CAMP-007,Landing Page
SES-101631,2026-10-05T10:01:00,Meta,CAMP-007,Product View
SES-101632,2026-10-05T10:00:00,Meta,CAMP-007,Landing Page
SES-101632,2026-10-05T10:01:00,Meta,CAMP-007,Product View
SES-101633,2026-10-05T10:00:00,Meta,CAMP-007,Landing Page
SES-101633,2026-10-05T10:01:00,Meta,CAMP-007,Product View
SES-101634,2026-10-05T10:00:00,Meta,CAMP-007,Landing Page
SES-101635,2026-10-05T10:00:00,Meta,CAMP-007,Landing Page
SES-101635,2026-10-05T10:01:00,Meta,CAMP-007,Product View
SES-101636,2026-10-05T10:00:00,Meta,CAMP-007,Landing Page
SES-101637,2026-10-05T10:00:00,Meta,CAMP-007,Landing Page
SES-101638,2026-10-05T10:00:00,Meta,CAMP-007,Landing Page
SES-101639,2026-10-05T10:00:00,Meta,CAMP-007,Landing Page
SES-101640,2026-10-05T10:00:00,Meta,CAMP-007,Landing Page
SES-101640,2026-10-05T10:01:00,Meta,CAMP-007,Product View
SES-101641,2026-10-05T10:00:00,Meta,CAMP-007,Landing Page
SES-101641,2026-10-05T10:01:00,Meta,CAMP-007,Product View
SES-101642,2026-10-05T10:00:00,Meta,CAMP-007,Landing Page
SES-101642,2026-10-05T10:01:00,Meta,CAMP-007,Product View
SES-101642,2026-10-05T10:03:00,Meta,CAMP-007,Add to Cart
SES-101642,2026-10-05T10:05:00,Meta,CAMP-007,Purchase
SES-101643,2026-10-05T10:00:00,Meta,CAMP-007,Landing Page
SES-101644,2026-10-05T10:00:00,Meta,CAMP-007,Landing Page
SES-101644,2026-10-05T10:01:00,Meta,CAMP-007,Product View
SES-101644,2026-10-05T10:03:00,Meta,CAMP-007,Add to Cart
SES-101645,2026-10-05T10:00:00,Meta,CAMP-007,Landing Page
SES-101645,2026-10-05T10:01:00,Meta,CAMP-007,Product View
SES-101645,2026-10-05T10:03:00,Meta,CAMP-007,Add to Cart
SES-101645,2026-10-05T10:05:00,Meta,CAMP-007,Purchase
SES-101646,2026-10-05T10:00:00,Meta,CAMP-007,Landing Page
SES-101647,2026-10-05T10:00:00,Meta,CAMP-007,Landing Page
SES-101647,2026-10-05T10:01:00,Meta,CAMP-007,Product View
SES-101648,2026-10-05T10:00:00,Meta,CAMP-007,Landing Page
SES-101648,2026-10-05T10:01:00,Meta,CAMP-007,Product View
SES-101648,2026-10-05T10:03:00,Meta,CAMP-007,Add to Cart
SES-101648,2026-10-05T10:05:00,Meta,CAMP-007,Purchase
SES-101649,2026-10-05T10:00:00,Meta,CAMP-007,Landing Page
SES-101650,2026-10-06T10:00:00,Meta,CAMP-007,Landing Page
SES-101650,2026-10-06T10:01:00,Meta,CAMP-007,Product View
SES-101651,2026-10-06T10:00:00,Meta,CAMP-007,Landing Page
SES-101652,2026-10-06T10:00:00,Meta,CAMP-007,Landing Page
SES-101652,2026-10-06T10:01:00,Meta,CAMP-007,Product View
SES-101653,2026-10-06T10:00:00,Meta,CAMP-007,Landing Page
SES-101654,2026-10-06T10:00:00,Meta,CAMP-007,Landing Page
SES-101655,2026-10-06T10:00:00,Meta,CAMP-007,Landing Page
SES-101656,2026-10-06T10:00:00,Meta,CAMP-007,Landing Page
SES-101657,2026-10-06T10:00:00,Meta,CAMP-007,Landing Page
SES-101657,2026-10-06T10:01:00,Meta,CAMP-007,Product View
SES-101658,2026-10-06T10:00:00,Meta,CAMP-007,Landing Page
SES-101658,2026-10-06T10:01:00,Meta,CAMP-007,Product View
SES-101658,2026-10-06T10:03:00,Meta,CAMP-007,Add to Cart
SES-101659,2026-10-06T10:00:00,Meta,CAMP-007,Landing Page
SES-101660,2026-10-06T10:00:00,Meta,CAMP-007,Landing Page
SES-101661,2026-10-06T10:00:00,Meta,CAMP-007,Landing Page
SES-101661,2026-10-06T10:01:00,Meta,CAMP-007,Product View
SES-101661,2026-10-06T10:03:00,Meta,CAMP-007,Add to Cart
SES-101661,2026-10-06T10:05:00,Meta,CAMP-007,Purchase
SES-101662,2026-10-06T10:00:00,Meta,CAMP-007,Landing Page
SES-101663,2026-10-06T10:00:00,Meta,CAMP-007,Landing Page
SES-101663,2026-10-06T10:01:00,Meta,CAMP-007,Product View
SES-101664,2026-10-06T10:00:00,Meta,CAMP-007,Landing Page
SES-101665,2026-10-06T10:00:00,Meta,CAMP-007,Landing Page
SES-101666,2026-10-06T10:00:00,Meta,CAMP-007,Landing Page
SES-101667,2026-10-06T10:00:00,Meta,CAMP-007,Landing Page
SES-101668,2026-10-06T10:00:00,Meta,CAMP-007,Landing Page
SES-101669,2026-10-06T10:00:00,Meta,CAMP-007,Landing Page
SES-101670,2026-10-06T10:00:00,Meta,CAMP-007,Landing Page
SES-101670,2026-10-06T10:01:00,Meta,CAMP-007,Product View
SES-101671,2026-10-06T10:00:00,Meta,CAMP-007,Landing Page
SES-101672,2026-10-06T10:00:00,Meta,CAMP-007,Landing Page
SES-101672,2026-10-06T10:01:00,Meta,CAMP-007,Product View
SES-101673,2026-10-06T10:00:00,Meta,CAMP-007,Landing Page
SES-101673,2026-10-06T10:01:00,Meta,CAMP-007,Product View
SES-101674,2026-10-06T10:00:00,Meta,CAMP-007,Landing Page
SES-101674,2026-10-06T10:01:00,Meta,CAMP-007,Product View
SES-101675,2026-10-06T10:00:00,Meta,CAMP-007,Landing Page
SES-101675,2026-10-06T10:01:00,Meta,CAMP-007,Product View
SES-101675,2026-10-06T10:03:00,Meta,CAMP-007,Add to Cart
SES-101676,2026-10-06T10:00:00,Meta,CAMP-007,Landing Page
SES-101677,2026-10-06T10:00:00,Meta,CAMP-007,Landing Page
SES-101677,2026-10-06T10:01:00,Meta,CAMP-007,Product View
SES-101678,2026-10-06T10:00:00,Meta,CAMP-007,Landing Page
SES-101678,2026-10-06T10:01:00,Meta,CAMP-007,Product View
SES-101679,2026-10-06T10:00:00,Meta,CAMP-007,Landing Page
SES-101679,2026-10-06T10:01:00,Meta,CAMP-007,Product View
SES-101680,2026-10-06T10:00:00,Meta,CAMP-007,Landing Page
SES-101680,2026-10-06T10:01:00,Meta,CAMP-007,Product View
SES-101681,2026-10-06T10:00:00,Meta,CAMP-007,Landing Page
SES-101681,2026-10-06T10:01:00,Meta,CAMP-007,Product View
SES-101682,2026-10-06T10:00:00,Meta,CAMP-007,Landing Page
SES-101682,2026-10-06T10:01:00,Meta,CAMP-007,Product View
SES-101683,2026-10-06T10:00:00,Meta,CAMP-007,Landing Page
SES-101684,2026-10-06T10:00:00,Meta,CAMP-007,Landing Page
SES-101685,2026-10-06T10:00:00,Meta,CAMP-007,Landing Page
SES-101686,2026-10-06T10:00:00,Meta,CAMP-007,Landing Page
SES-101686,2026-10-06T10:01:00,Meta,CAMP-007,Product View
SES-101687,2026-10-06T10:00:00,Meta,CAMP-007,Landing Page
SES-101688,2026-10-06T10:00:00,Meta,CAMP-007,Landing Page
SES-101689,2026-10-06T10:00:00,Meta,CAMP-007,Landing Page
SES-101689,2026-10-06T10:01:00,Meta,CAMP-007,Product View
SES-101690,2026-10-06T10:00:00,Meta,CAMP-007,Landing Page
SES-101691,2026-10-06T10:00:00,Meta,CAMP-007,Landing Page
SES-101691,2026-10-06T10:01:00,Meta,CAMP-007,Product View
SES-101691,2026-10-06T10:03:00,Meta,CAMP-007,Add to Cart
SES-101692,2026-10-06T10:00:00,Meta,CAMP-007,Landing Page
SES-101692,2026-10-06T10:01:00,Meta,CAMP-007,Product View
SES-101693,2026-10-06T10:00:00,Meta,CAMP-007,Landing Page
SES-101693,2026-10-06T10:01:00,Meta,CAMP-007,Product View
SES-101694,2026-10-06T10:00:00,Meta,CAMP-007,Landing Page
SES-101694,2026-10-06T10:01:00,Meta,CAMP-007,Product View
SES-101695,2026-10-06T10:00:00,Meta,CAMP-007,Landing Page
SES-101696,2026-10-06T10:00:00,Meta,CAMP-007,Landing Page
SES-101696,2026-10-06T10:01:00,Meta,CAMP-007,Product View
SES-101696,2026-10-06T10:03:00,Meta,CAMP-007,Add to Cart
SES-101697,2026-10-06T10:00:00,Meta,CAMP-007,Landing Page
SES-101697,2026-10-06T10:01:00,Meta,CAMP-007,Product View
SES-101697,2026-10-06T10:03:00,Meta,CAMP-007,Add to Cart
SES-101697,2026-10-06T10:05:00,Meta,CAMP-007,Purchase
SES-101698,2026-10-06T10:00:00,Meta,CAMP-007,Landing Page
SES-101698,2026-10-06T10:01:00,Meta,CAMP-007,Product View
SES-101699,2026-10-06T10:00:00,Meta,CAMP-007,Landing Page
SES-101700,2026-10-07T10:00:00,Meta,CAMP-007,Landing Page
SES-101700,2026-10-07T10:01:00,Meta,CAMP-007,Product View
SES-101701,2026-10-07T10:00:00,Meta,CAMP-007,Landing Page
SES-101701,2026-10-07T10:01:00,Meta,CAMP-007,Product View
SES-101702,2026-10-07T10:00:00,Meta,CAMP-007,Landing Page
SES-101703,2026-10-07T10:00:00,Meta,CAMP-007,Landing Page
SES-101704,2026-10-07T10:00:00,Meta,CAMP-007,Landing Page
SES-101704,2026-10-07T10:01:00,Meta,CAMP-007,Product View
SES-101705,2026-10-07T10:00:00,Meta,CAMP-007,Landing Page
SES-101705,2026-10-07T10:01:00,Meta,CAMP-007,Product View
SES-101706,2026-10-07T10:00:00,Meta,CAMP-007,Landing Page
SES-101706,2026-10-07T10:01:00,Meta,CAMP-007,Product View
SES-101707,2026-10-07T10:00:00,Meta,CAMP-007,Landing Page
SES-101707,2026-10-07T10:01:00,Meta,CAMP-007,Product View
SES-101707,2026-10-07T10:03:00,Meta,CAMP-007,Add to Cart
SES-101707,2026-10-07T10:05:00,Meta,CAMP-007,Purchase
SES-101708,2026-10-07T10:00:00,Meta,CAMP-007,Landing Page
SES-101708,2026-10-07T10:01:00,Meta,CAMP-007,Product View
SES-101708,2026-10-07T10:03:00,Meta,CAMP-007,Add to Cart
SES-101709,2026-10-07T10:00:00,Meta,CAMP-007,Landing Page
SES-101709,2026-10-07T10:01:00,Meta,CAMP-007,Product View
SES-101709,2026-10-07T10:03:00,Meta,CAMP-007,Add to Cart
SES-101710,2026-10-07T10:00:00,Meta,CAMP-007,Landing Page
SES-101711,2026-10-07T10:00:00,Meta,CAMP-007,Landing Page
SES-101712,2026-10-07T10:00:00,Meta,CAMP-007,Landing Page
SES-101713,2026-10-07T10:00:00,Meta,CAMP-007,Landing Page
SES-101713,2026-10-07T10:01:00,Meta,CAMP-007,Product View
SES-101714,2026-10-07T10:00:00,Meta,CAMP-007,Landing Page
SES-101714,2026-10-07T10:01:00,Meta,CAMP-007,Product View
SES-101715,2026-10-07T10:00:00,Meta,CAMP-007,Landing Page
SES-101716,2026-10-07T10:00:00,Meta,CAMP-007,Landing Page
SES-101717,2026-10-07T10:00:00,Meta,CAMP-007,Landing Page
SES-101718,2026-10-07T10:00:00,Meta,CAMP-007,Landing Page
SES-101718,2026-10-07T10:01:00,Meta,CAMP-007,Product View
SES-101719,2026-10-07T10:00:00,Meta,CAMP-007,Landing Page
SES-101720,2026-10-07T10:00:00,Meta,CAMP-007,Landing Page
SES-101720,2026-10-07T10:01:00,Meta,CAMP-007,Product View
SES-101720,2026-10-07T10:03:00,Meta,CAMP-007,Add to Cart
SES-101721,2026-10-07T10:00:00,Meta,CAMP-007,Landing Page
SES-101721,2026-10-07T10:01:00,Meta,CAMP-007,Product View
SES-101722,2026-10-07T10:00:00,Meta,CAMP-007,Landing Page
SES-101723,2026-10-07T10:00:00,Meta,CAMP-007,Landing Page
SES-101723,2026-10-07T10:01:00,Meta,CAMP-007,Product View
SES-101724,2026-10-07T10:00:00,Meta,CAMP-007,Landing Page
SES-101724,2026-10-07T10:01:00,Meta,CAMP-007,Product View
SES-101725,2026-10-07T10:00:00,Meta,CAMP-007,Landing Page
SES-101725,2026-10-07T10:01:00,Meta,CAMP-007,Product View
SES-101726,2026-10-07T10:00:00,Meta,CAMP-007,Landing Page
SES-101727,2026-10-07T10:00:00,Meta,CAMP-007,Landing Page
SES-101727,2026-10-07T10:01:00,Meta,CAMP-007,Product View
SES-101728,2026-10-07T10:00:00,Meta,CAMP-007,Landing Page
SES-101729,2026-10-07T10:00:00,Meta,CAMP-007,Landing Page
SES-101730,2026-10-07T10:00:00,Meta,CAMP-007,Landing Page
SES-101730,2026-10-07T10:01:00,Meta,CAMP-007,Product View
SES-101730,2026-10-07T10:03:00,Meta,CAMP-007,Add to Cart
SES-101731,2026-10-07T10:00:00,Meta,CAMP-007,Landing Page
SES-101732,2026-10-07T10:00:00,Meta,CAMP-007,Landing Page
SES-101732,2026-10-07T10:01:00,Meta,CAMP-007,Product View
SES-101733,2026-10-07T10:00:00,Meta,CAMP-007,Landing Page
SES-101733,2026-10-07T10:01:00,Meta,CAMP-007,Product View
SES-101733,2026-10-07T10:03:00,Meta,CAMP-007,Add to Cart
SES-101733,2026-10-07T10:05:00,Meta,CAMP-007,Purchase
SES-101734,2026-10-07T10:00:00,Meta,CAMP-007,Landing Page
SES-101735,2026-10-07T10:00:00,Meta,CAMP-007,Landing Page
SES-101735,2026-10-07T10:01:00,Meta,CAMP-007,Product View
SES-101736,2026-10-07T10:00:00,Meta,CAMP-007,Landing Page
SES-101736,2026-10-07T10:01:00,Meta,CAMP-007,Product View
SES-101737,2026-10-07T10:00:00,Meta,CAMP-007,Landing Page
SES-101737,2026-10-07T10:01:00,Meta,CAMP-007,Product View
SES-101738,2026-10-07T10:00:00,Meta,CAMP-007,Landing Page
SES-101738,2026-10-07T10:01:00,Meta,CAMP-007,Product View
SES-101739,2026-10-07T10:00:00,Meta,CAMP-007,Landing Page
SES-101740,2026-10-07T10:00:00,Meta,CAMP-007,Landing Page
SES-101740,2026-10-07T10:01:00,Meta,CAMP-007,Product View
SES-101741,2026-10-07T10:00:00,Meta,CAMP-007,Landing Page
SES-101741,2026-10-07T10:01:00,Meta,CAMP-007,Product View
SES-101742,2026-10-07T10:00:00,Meta,CAMP-007,Landing Page
SES-101742,2026-10-07T10:01:00,Meta,CAMP-007,Product View
SES-101743,2026-10-07T10:00:00,Meta,CAMP-007,Landing Page
SES-101743,2026-10-07T10:01:00,Meta,CAMP-007,Product View
SES-101744,2026-10-07T10:00:00,Meta,CAMP-007,Landing Page
SES-101744,2026-10-07T10:01:00,Meta,CAMP-007,Product View
SES-101745,2026-10-07T10:00:00,Meta,CAMP-007,Landing Page
SES-101745,2026-10-07T10:01:00,Meta,CAMP-007,Product View
SES-101746,2026-10-07T10:00:00,Meta,CAMP-007,Landing Page
SES-101747,2026-10-07T10:00:00,Meta,CAMP-007,Landing Page
SES-101748,2026-10-07T10:00:00,Meta,CAMP-007,Landing Page
SES-101749,2026-10-07T10:00:00,Meta,CAMP-007,Landing Page
SES-101749,2026-10-07T10:01:00,Meta,CAMP-007,Product View
SES-101749,2026-10-07T10:03:00,Meta,CAMP-007,Add to Cart
SES-101749,2026-10-07T10:05:00,Meta,CAMP-007,Purchase
SES-101750,2026-10-03T10:00:00,TikTok,CAMP-008,Landing Page
SES-101751,2026-10-03T10:00:00,TikTok,CAMP-008,Landing Page
SES-101751,2026-10-03T10:01:00,TikTok,CAMP-008,Product View
SES-101752,2026-10-03T10:00:00,TikTok,CAMP-008,Landing Page
SES-101753,2026-10-03T10:00:00,TikTok,CAMP-008,Landing Page
SES-101754,2026-10-03T10:00:00,TikTok,CAMP-008,Landing Page
SES-101754,2026-10-03T10:01:00,TikTok,CAMP-008,Product View
SES-101755,2026-10-03T10:00:00,TikTok,CAMP-008,Landing Page
SES-101756,2026-10-03T10:00:00,TikTok,CAMP-008,Landing Page
SES-101757,2026-10-03T10:00:00,TikTok,CAMP-008,Landing Page
SES-101758,2026-10-03T10:00:00,TikTok,CAMP-008,Landing Page
SES-101759,2026-10-03T10:00:00,TikTok,CAMP-008,Landing Page
SES-101760,2026-10-03T10:00:00,TikTok,CAMP-008,Landing Page
SES-101760,2026-10-03T10:01:00,TikTok,CAMP-008,Product View
SES-101761,2026-10-03T10:00:00,TikTok,CAMP-008,Landing Page
SES-101762,2026-10-03T10:00:00,TikTok,CAMP-008,Landing Page
SES-101762,2026-10-03T10:01:00,TikTok,CAMP-008,Product View
SES-101762,2026-10-03T10:03:00,TikTok,CAMP-008,Add to Cart
SES-101763,2026-10-03T10:00:00,TikTok,CAMP-008,Landing Page
SES-101764,2026-10-03T10:00:00,TikTok,CAMP-008,Landing Page
SES-101764,2026-10-03T10:01:00,TikTok,CAMP-008,Product View
SES-101764,2026-10-03T10:03:00,TikTok,CAMP-008,Add to Cart
SES-101765,2026-10-03T10:00:00,TikTok,CAMP-008,Landing Page
SES-101765,2026-10-03T10:01:00,TikTok,CAMP-008,Product View
SES-101766,2026-10-03T10:00:00,TikTok,CAMP-008,Landing Page
SES-101767,2026-10-03T10:00:00,TikTok,CAMP-008,Landing Page
SES-101767,2026-10-03T10:01:00,TikTok,CAMP-008,Product View
SES-101768,2026-10-03T10:00:00,TikTok,CAMP-008,Landing Page
SES-101768,2026-10-03T10:01:00,TikTok,CAMP-008,Product View
SES-101768,2026-10-03T10:03:00,TikTok,CAMP-008,Add to Cart
SES-101768,2026-10-03T10:05:00,TikTok,CAMP-008,Purchase
SES-101769,2026-10-03T10:00:00,TikTok,CAMP-008,Landing Page
SES-101769,2026-10-03T10:01:00,TikTok,CAMP-008,Product View
SES-101769,2026-10-03T10:03:00,TikTok,CAMP-008,Add to Cart
SES-101770,2026-10-03T10:00:00,TikTok,CAMP-008,Landing Page
SES-101770,2026-10-03T10:01:00,TikTok,CAMP-008,Product View
SES-101771,2026-10-03T10:00:00,TikTok,CAMP-008,Landing Page
SES-101771,2026-10-03T10:01:00,TikTok,CAMP-008,Product View
SES-101772,2026-10-03T10:00:00,TikTok,CAMP-008,Landing Page
SES-101773,2026-10-03T10:00:00,TikTok,CAMP-008,Landing Page
SES-101773,2026-10-03T10:01:00,TikTok,CAMP-008,Product View
SES-101774,2026-10-03T10:00:00,TikTok,CAMP-008,Landing Page
SES-101775,2026-10-03T10:00:00,TikTok,CAMP-008,Landing Page
SES-101776,2026-10-03T10:00:00,TikTok,CAMP-008,Landing Page
SES-101776,2026-10-03T10:01:00,TikTok,CAMP-008,Product View
SES-101777,2026-10-03T10:00:00,TikTok,CAMP-008,Landing Page
SES-101778,2026-10-03T10:00:00,TikTok,CAMP-008,Landing Page
SES-101779,2026-10-03T10:00:00,TikTok,CAMP-008,Landing Page
SES-101779,2026-10-03T10:01:00,TikTok,CAMP-008,Product View
SES-101780,2026-10-03T10:00:00,TikTok,CAMP-008,Landing Page
SES-101780,2026-10-03T10:01:00,TikTok,CAMP-008,Product View
SES-101781,2026-10-03T10:00:00,TikTok,CAMP-008,Landing Page
SES-101782,2026-10-03T10:00:00,TikTok,CAMP-008,Landing Page
SES-101783,2026-10-03T10:00:00,TikTok,CAMP-008,Landing Page
SES-101783,2026-10-03T10:01:00,TikTok,CAMP-008,Product View
SES-101784,2026-10-03T10:00:00,TikTok,CAMP-008,Landing Page
SES-101785,2026-10-03T10:00:00,TikTok,CAMP-008,Landing Page
SES-101786,2026-10-03T10:00:00,TikTok,CAMP-008,Landing Page
SES-101787,2026-10-03T10:00:00,TikTok,CAMP-008,Landing Page
SES-101787,2026-10-03T10:01:00,TikTok,CAMP-008,Product View
SES-101787,2026-10-03T10:03:00,TikTok,CAMP-008,Add to Cart
SES-101788,2026-10-03T10:00:00,TikTok,CAMP-008,Landing Page
SES-101789,2026-10-03T10:00:00,TikTok,CAMP-008,Landing Page
SES-101789,2026-10-03T10:01:00,TikTok,CAMP-008,Product View
SES-101790,2026-10-03T10:00:00,TikTok,CAMP-008,Landing Page
SES-101790,2026-10-03T10:01:00,TikTok,CAMP-008,Product View
SES-101790,2026-10-03T10:03:00,TikTok,CAMP-008,Add to Cart
SES-101791,2026-10-03T10:00:00,TikTok,CAMP-008,Landing Page
SES-101791,2026-10-03T10:01:00,TikTok,CAMP-008,Product View
SES-101792,2026-10-03T10:00:00,TikTok,CAMP-008,Landing Page
SES-101792,2026-10-03T10:01:00,TikTok,CAMP-008,Product View
SES-101792,2026-10-03T10:03:00,TikTok,CAMP-008,Add to Cart
SES-101793,2026-10-03T10:00:00,TikTok,CAMP-008,Landing Page
SES-101794,2026-10-03T10:00:00,TikTok,CAMP-008,Landing Page
SES-101794,2026-10-03T10:01:00,TikTok,CAMP-008,Product View
SES-101794,2026-10-03T10:03:00,TikTok,CAMP-008,Add to Cart
SES-101795,2026-10-03T10:00:00,TikTok,CAMP-008,Landing Page
SES-101795,2026-10-03T10:01:00,TikTok,CAMP-008,Product View
SES-101796,2026-10-03T10:00:00,TikTok,CAMP-008,Landing Page
SES-101796,2026-10-03T10:01:00,TikTok,CAMP-008,Product View
SES-101797,2026-10-03T10:00:00,TikTok,CAMP-008,Landing Page
SES-101797,2026-10-03T10:01:00,TikTok,CAMP-008,Product View
SES-101798,2026-10-03T10:00:00,TikTok,CAMP-008,Landing Page
SES-101799,2026-10-03T10:00:00,TikTok,CAMP-008,Landing Page
SES-101799,2026-10-03T10:01:00,TikTok,CAMP-008,Product View
SES-101800,2026-10-04T10:00:00,TikTok,CAMP-008,Landing Page
SES-101800,2026-10-04T10:01:00,TikTok,CAMP-008,Product View
SES-101801,2026-10-04T10:00:00,TikTok,CAMP-008,Landing Page
SES-101801,2026-10-04T10:01:00,TikTok,CAMP-008,Product View
SES-101802,2026-10-04T10:00:00,TikTok,CAMP-008,Landing Page
SES-101802,2026-10-04T10:01:00,TikTok,CAMP-008,Product View
SES-101803,2026-10-04T10:00:00,TikTok,CAMP-008,Landing Page
SES-101804,2026-10-04T10:00:00,TikTok,CAMP-008,Landing Page
SES-101804,2026-10-04T10:01:00,TikTok,CAMP-008,Product View
SES-101804,2026-10-04T10:03:00,TikTok,CAMP-008,Add to Cart
SES-101805,2026-10-04T10:00:00,TikTok,CAMP-008,Landing Page
SES-101805,2026-10-04T10:01:00,TikTok,CAMP-008,Product View
SES-101806,2026-10-04T10:00:00,TikTok,CAMP-008,Landing Page
SES-101807,2026-10-04T10:00:00,TikTok,CAMP-008,Landing Page
SES-101808,2026-10-04T10:00:00,TikTok,CAMP-008,Landing Page
SES-101808,2026-10-04T10:01:00,TikTok,CAMP-008,Product View
SES-101809,2026-10-04T10:00:00,TikTok,CAMP-008,Landing Page
SES-101809,2026-10-04T10:01:00,TikTok,CAMP-008,Product View
SES-101810,2026-10-04T10:00:00,TikTok,CAMP-008,Landing Page
SES-101811,2026-10-04T10:00:00,TikTok,CAMP-008,Landing Page
SES-101811,2026-10-04T10:01:00,TikTok,CAMP-008,Product View
SES-101812,2026-10-04T10:00:00,TikTok,CAMP-008,Landing Page
SES-101813,2026-10-04T10:00:00,TikTok,CAMP-008,Landing Page
SES-101814,2026-10-04T10:00:00,TikTok,CAMP-008,Landing Page
SES-101814,2026-10-04T10:01:00,TikTok,CAMP-008,Product View
SES-101814,2026-10-04T10:03:00,TikTok,CAMP-008,Add to Cart
SES-101815,2026-10-04T10:00:00,TikTok,CAMP-008,Landing Page
SES-101815,2026-10-04T10:01:00,TikTok,CAMP-008,Product View
SES-101816,2026-10-04T10:00:00,TikTok,CAMP-008,Landing Page
SES-101816,2026-10-04T10:01:00,TikTok,CAMP-008,Product View
SES-101817,2026-10-04T10:00:00,TikTok,CAMP-008,Landing Page
SES-101817,2026-10-04T10:01:00,TikTok,CAMP-008,Product View
SES-101818,2026-10-04T10:00:00,TikTok,CAMP-008,Landing Page
SES-101818,2026-10-04T10:01:00,TikTok,CAMP-008,Product View
SES-101818,2026-10-04T10:03:00,TikTok,CAMP-008,Add to Cart
SES-101819,2026-10-04T10:00:00,TikTok,CAMP-008,Landing Page
SES-101819,2026-10-04T10:01:00,TikTok,CAMP-008,Product View
SES-101819,2026-10-04T10:03:00,TikTok,CAMP-008,Add to Cart
SES-101819,2026-10-04T10:05:00,TikTok,CAMP-008,Purchase
SES-101820,2026-10-04T10:00:00,TikTok,CAMP-008,Landing Page
SES-101820,2026-10-04T10:01:00,TikTok,CAMP-008,Product View
SES-101821,2026-10-04T10:00:00,TikTok,CAMP-008,Landing Page
SES-101821,2026-10-04T10:01:00,TikTok,CAMP-008,Product View
SES-101822,2026-10-04T10:00:00,TikTok,CAMP-008,Landing Page
SES-101822,2026-10-04T10:01:00,TikTok,CAMP-008,Product View
SES-101823,2026-10-04T10:00:00,TikTok,CAMP-008,Landing Page
SES-101823,2026-10-04T10:01:00,TikTok,CAMP-008,Product View
SES-101824,2026-10-04T10:00:00,TikTok,CAMP-008,Landing Page
SES-101825,2026-10-04T10:00:00,TikTok,CAMP-008,Landing Page
SES-101826,2026-10-04T10:00:00,TikTok,CAMP-008,Landing Page
SES-101827,2026-10-04T10:00:00,TikTok,CAMP-008,Landing Page
SES-101827,2026-10-04T10:01:00,TikTok,CAMP-008,Product View
SES-101828,2026-10-04T10:00:00,TikTok,CAMP-008,Landing Page
SES-101829,2026-10-04T10:00:00,TikTok,CAMP-008,Landing Page
SES-101829,2026-10-04T10:01:00,TikTok,CAMP-008,Product View
SES-101830,2026-10-04T10:00:00,TikTok,CAMP-008,Landing Page
SES-101831,2026-10-04T10:00:00,TikTok,CAMP-008,Landing Page
SES-101832,2026-10-04T10:00:00,TikTok,CAMP-008,Landing Page
SES-101833,2026-10-04T10:00:00,TikTok,CAMP-008,Landing Page
SES-101834,2026-10-04T10:00:00,TikTok,CAMP-008,Landing Page
SES-101835,2026-10-04T10:00:00,TikTok,CAMP-008,Landing Page
SES-101835,2026-10-04T10:01:00,TikTok,CAMP-008,Product View
SES-101835,2026-10-04T10:03:00,TikTok,CAMP-008,Add to Cart
SES-101835,2026-10-04T10:05:00,TikTok,CAMP-008,Purchase
SES-101836,2026-10-04T10:00:00,TikTok,CAMP-008,Landing Page
SES-101836,2026-10-04T10:01:00,TikTok,CAMP-008,Product View
SES-101837,2026-10-04T10:00:00,TikTok,CAMP-008,Landing Page
SES-101838,2026-10-04T10:00:00,TikTok,CAMP-008,Landing Page
SES-101838,2026-10-04T10:01:00,TikTok,CAMP-008,Product View
SES-101839,2026-10-04T10:00:00,TikTok,CAMP-008,Landing Page
SES-101840,2026-10-04T10:00:00,TikTok,CAMP-008,Landing Page
SES-101841,2026-10-04T10:00:00,TikTok,CAMP-008,Landing Page
SES-101841,2026-10-04T10:01:00,TikTok,CAMP-008,Product View
SES-101841,2026-10-04T10:03:00,TikTok,CAMP-008,Add to Cart
SES-101841,2026-10-04T10:05:00,TikTok,CAMP-008,Purchase
SES-101842,2026-10-04T10:00:00,TikTok,CAMP-008,Landing Page
SES-101842,2026-10-04T10:01:00,TikTok,CAMP-008,Product View
SES-101843,2026-10-04T10:00:00,TikTok,CAMP-008,Landing Page
SES-101843,2026-10-04T10:01:00,TikTok,CAMP-008,Product View
SES-101844,2026-10-04T10:00:00,TikTok,CAMP-008,Landing Page
SES-101844,2026-10-04T10:01:00,TikTok,CAMP-008,Product View
SES-101844,2026-10-04T10:03:00,TikTok,CAMP-008,Add to Cart
SES-101845,2026-10-04T10:00:00,TikTok,CAMP-008,Landing Page
SES-101845,2026-10-04T10:01:00,TikTok,CAMP-008,Product View
SES-101846,2026-10-04T10:00:00,TikTok,CAMP-008,Landing Page
SES-101847,2026-10-04T10:00:00,TikTok,CAMP-008,Landing Page
SES-101847,2026-10-04T10:01:00,TikTok,CAMP-008,Product View
SES-101848,2026-10-04T10:00:00,TikTok,CAMP-008,Landing Page
SES-101849,2026-10-04T10:00:00,TikTok,CAMP-008,Landing Page
SES-101850,2026-10-05T10:00:00,TikTok,CAMP-008,Landing Page
SES-101850,2026-10-05T10:01:00,TikTok,CAMP-008,Product View
SES-101851,2026-10-05T10:00:00,TikTok,CAMP-008,Landing Page
SES-101851,2026-10-05T10:01:00,TikTok,CAMP-008,Product View
SES-101852,2026-10-05T10:00:00,TikTok,CAMP-008,Landing Page
SES-101852,2026-10-05T10:01:00,TikTok,CAMP-008,Product View
SES-101852,2026-10-05T10:03:00,TikTok,CAMP-008,Add to Cart
SES-101852,2026-10-05T10:05:00,TikTok,CAMP-008,Purchase
SES-101853,2026-10-05T10:00:00,TikTok,CAMP-008,Landing Page
SES-101853,2026-10-05T10:01:00,TikTok,CAMP-008,Product View
SES-101854,2026-10-05T10:00:00,TikTok,CAMP-008,Landing Page
SES-101854,2026-10-05T10:01:00,TikTok,CAMP-008,Product View
SES-101855,2026-10-05T10:00:00,TikTok,CAMP-008,Landing Page
SES-101855,2026-10-05T10:01:00,TikTok,CAMP-008,Product View
SES-101856,2026-10-05T10:00:00,TikTok,CAMP-008,Landing Page
SES-101857,2026-10-05T10:00:00,TikTok,CAMP-008,Landing Page
SES-101857,2026-10-05T10:01:00,TikTok,CAMP-008,Product View
SES-101858,2026-10-05T10:00:00,TikTok,CAMP-008,Landing Page
SES-101858,2026-10-05T10:01:00,TikTok,CAMP-008,Product View
SES-101859,2026-10-05T10:00:00,TikTok,CAMP-008,Landing Page
SES-101860,2026-10-05T10:00:00,TikTok,CAMP-008,Landing Page
SES-101861,2026-10-05T10:00:00,TikTok,CAMP-008,Landing Page
SES-101861,2026-10-05T10:01:00,TikTok,CAMP-008,Product View
SES-101862,2026-10-05T10:00:00,TikTok,CAMP-008,Landing Page
SES-101862,2026-10-05T10:01:00,TikTok,CAMP-008,Product View
SES-101863,2026-10-05T10:00:00,TikTok,CAMP-008,Landing Page
SES-101863,2026-10-05T10:01:00,TikTok,CAMP-008,Product View
SES-101864,2026-10-05T10:00:00,TikTok,CAMP-008,Landing Page
SES-101865,2026-10-05T10:00:00,TikTok,CAMP-008,Landing Page
SES-101866,2026-10-05T10:00:00,TikTok,CAMP-008,Landing Page
SES-101866,2026-10-05T10:01:00,TikTok,CAMP-008,Product View
SES-101867,2026-10-05T10:00:00,TikTok,CAMP-008,Landing Page
SES-101867,2026-10-05T10:01:00,TikTok,CAMP-008,Product View
SES-101868,2026-10-05T10:00:00,TikTok,CAMP-008,Landing Page
SES-101868,2026-10-05T10:01:00,TikTok,CAMP-008,Product View
SES-101869,2026-10-05T10:00:00,TikTok,CAMP-008,Landing Page
SES-101870,2026-10-05T10:00:00,TikTok,CAMP-008,Landing Page
SES-101870,2026-10-05T10:01:00,TikTok,CAMP-008,Product View
SES-101870,2026-10-05T10:03:00,TikTok,CAMP-008,Add to Cart
SES-101871,2026-10-05T10:00:00,TikTok,CAMP-008,Landing Page
SES-101872,2026-10-05T10:00:00,TikTok,CAMP-008,Landing Page
SES-101872,2026-10-05T10:01:00,TikTok,CAMP-008,Product View
SES-101873,2026-10-05T10:00:00,TikTok,CAMP-008,Landing Page
SES-101873,2026-10-05T10:01:00,TikTok,CAMP-008,Product View
SES-101874,2026-10-05T10:00:00,TikTok,CAMP-008,Landing Page
SES-101874,2026-10-05T10:01:00,TikTok,CAMP-008,Product View
SES-101875,2026-10-05T10:00:00,TikTok,CAMP-008,Landing Page
SES-101875,2026-10-05T10:01:00,TikTok,CAMP-008,Product View
SES-101876,2026-10-05T10:00:00,TikTok,CAMP-008,Landing Page
SES-101876,2026-10-05T10:01:00,TikTok,CAMP-008,Product View
SES-101877,2026-10-05T10:00:00,TikTok,CAMP-008,Landing Page
SES-101878,2026-10-05T10:00:00,TikTok,CAMP-008,Landing Page
SES-101879,2026-10-05T10:00:00,TikTok,CAMP-008,Landing Page
SES-101879,2026-10-05T10:01:00,TikTok,CAMP-008,Product View
SES-101879,2026-10-05T10:03:00,TikTok,CAMP-008,Add to Cart
SES-101879,2026-10-05T10:05:00,TikTok,CAMP-008,Purchase
SES-101880,2026-10-05T10:00:00,TikTok,CAMP-008,Landing Page
SES-101880,2026-10-05T10:01:00,TikTok,CAMP-008,Product View
SES-101881,2026-10-05T10:00:00,TikTok,CAMP-008,Landing Page
SES-101881,2026-10-05T10:01:00,TikTok,CAMP-008,Product View
SES-101881,2026-10-05T10:03:00,TikTok,CAMP-008,Add to Cart
SES-101881,2026-10-05T10:05:00,TikTok,CAMP-008,Purchase
SES-101882,2026-10-05T10:00:00,TikTok,CAMP-008,Landing Page
SES-101883,2026-10-05T10:00:00,TikTok,CAMP-008,Landing Page
SES-101883,2026-10-05T10:01:00,TikTok,CAMP-008,Product View
SES-101884,2026-10-05T10:00:00,TikTok,CAMP-008,Landing Page
SES-101884,2026-10-05T10:01:00,TikTok,CAMP-008,Product View
SES-101885,2026-10-05T10:00:00,TikTok,CAMP-008,Landing Page
SES-101885,2026-10-05T10:01:00,TikTok,CAMP-008,Product View
SES-101885,2026-10-05T10:03:00,TikTok,CAMP-008,Add to Cart
SES-101886,2026-10-05T10:00:00,TikTok,CAMP-008,Landing Page
SES-101886,2026-10-05T10:01:00,TikTok,CAMP-008,Product View
SES-101887,2026-10-05T10:00:00,TikTok,CAMP-008,Landing Page
SES-101888,2026-10-05T10:00:00,TikTok,CAMP-008,Landing Page
SES-101888,2026-10-05T10:01:00,TikTok,CAMP-008,Product View
SES-101889,2026-10-05T10:00:00,TikTok,CAMP-008,Landing Page
SES-101890,2026-10-05T10:00:00,TikTok,CAMP-008,Landing Page
SES-101891,2026-10-05T10:00:00,TikTok,CAMP-008,Landing Page
SES-101891,2026-10-05T10:01:00,TikTok,CAMP-008,Product View
SES-101891,2026-10-05T10:03:00,TikTok,CAMP-008,Add to Cart
SES-101891,2026-10-05T10:05:00,TikTok,CAMP-008,Purchase
SES-101892,2026-10-05T10:00:00,TikTok,CAMP-008,Landing Page
SES-101893,2026-10-05T10:00:00,TikTok,CAMP-008,Landing Page
SES-101894,2026-10-05T10:00:00,TikTok,CAMP-008,Landing Page
SES-101894,2026-10-05T10:01:00,TikTok,CAMP-008,Product View
SES-101894,2026-10-05T10:03:00,TikTok,CAMP-008,Add to Cart
SES-101895,2026-10-05T10:00:00,TikTok,CAMP-008,Landing Page
SES-101896,2026-10-05T10:00:00,TikTok,CAMP-008,Landing Page
SES-101897,2026-10-05T10:00:00,TikTok,CAMP-008,Landing Page
SES-101897,2026-10-05T10:01:00,TikTok,CAMP-008,Product View
SES-101897,2026-10-05T10:03:00,TikTok,CAMP-008,Add to Cart
SES-101897,2026-10-05T10:05:00,TikTok,CAMP-008,Purchase
SES-101898,2026-10-05T10:00:00,TikTok,CAMP-008,Landing Page
SES-101898,2026-10-05T10:01:00,TikTok,CAMP-008,Product View
SES-101899,2026-10-05T10:00:00,TikTok,CAMP-008,Landing Page
SES-101899,2026-10-05T10:01:00,TikTok,CAMP-008,Product View
SES-101900,2026-10-06T10:00:00,TikTok,CAMP-008,Landing Page
SES-101900,2026-10-06T10:01:00,TikTok,CAMP-008,Product View
SES-101901,2026-10-06T10:00:00,TikTok,CAMP-008,Landing Page
SES-101901,2026-10-06T10:01:00,TikTok,CAMP-008,Product View
SES-101902,2026-10-06T10:00:00,TikTok,CAMP-008,Landing Page
SES-101902,2026-10-06T10:01:00,TikTok,CAMP-008,Product View
SES-101903,2026-10-06T10:00:00,TikTok,CAMP-008,Landing Page
SES-101904,2026-10-06T10:00:00,TikTok,CAMP-008,Landing Page
SES-101904,2026-10-06T10:01:00,TikTok,CAMP-008,Product View
SES-101905,2026-10-06T10:00:00,TikTok,CAMP-008,Landing Page
SES-101906,2026-10-06T10:00:00,TikTok,CAMP-008,Landing Page
SES-101907,2026-10-06T10:00:00,TikTok,CAMP-008,Landing Page
SES-101908,2026-10-06T10:00:00,TikTok,CAMP-008,Landing Page
SES-101908,2026-10-06T10:01:00,TikTok,CAMP-008,Product View
SES-101909,2026-10-06T10:00:00,TikTok,CAMP-008,Landing Page
SES-101910,2026-10-06T10:00:00,TikTok,CAMP-008,Landing Page
SES-101911,2026-10-06T10:00:00,TikTok,CAMP-008,Landing Page
SES-101911,2026-10-06T10:01:00,TikTok,CAMP-008,Product View
SES-101912,2026-10-06T10:00:00,TikTok,CAMP-008,Landing Page
SES-101912,2026-10-06T10:01:00,TikTok,CAMP-008,Product View
SES-101913,2026-10-06T10:00:00,TikTok,CAMP-008,Landing Page
SES-101913,2026-10-06T10:01:00,TikTok,CAMP-008,Product View
SES-101914,2026-10-06T10:00:00,TikTok,CAMP-008,Landing Page
SES-101915,2026-10-06T10:00:00,TikTok,CAMP-008,Landing Page
SES-101916,2026-10-06T10:00:00,TikTok,CAMP-008,Landing Page
SES-101916,2026-10-06T10:01:00,TikTok,CAMP-008,Product View
SES-101916,2026-10-06T10:03:00,TikTok,CAMP-008,Add to Cart
SES-101917,2026-10-06T10:00:00,TikTok,CAMP-008,Landing Page
SES-101918,2026-10-06T10:00:00,TikTok,CAMP-008,Landing Page
SES-101919,2026-10-06T10:00:00,TikTok,CAMP-008,Landing Page
SES-101919,2026-10-06T10:01:00,TikTok,CAMP-008,Product View
SES-101920,2026-10-06T10:00:00,TikTok,CAMP-008,Landing Page
SES-101921,2026-10-06T10:00:00,TikTok,CAMP-008,Landing Page
SES-101921,2026-10-06T10:01:00,TikTok,CAMP-008,Product View
SES-101922,2026-10-06T10:00:00,TikTok,CAMP-008,Landing Page
SES-101922,2026-10-06T10:01:00,TikTok,CAMP-008,Product View
SES-101923,2026-10-06T10:00:00,TikTok,CAMP-008,Landing Page
SES-101923,2026-10-06T10:01:00,TikTok,CAMP-008,Product View
SES-101924,2026-10-06T10:00:00,TikTok,CAMP-008,Landing Page
SES-101924,2026-10-06T10:01:00,TikTok,CAMP-008,Product View
SES-101925,2026-10-06T10:00:00,TikTok,CAMP-008,Landing Page
SES-101925,2026-10-06T10:01:00,TikTok,CAMP-008,Product View
SES-101926,2026-10-06T10:00:00,TikTok,CAMP-008,Landing Page
SES-101926,2026-10-06T10:01:00,TikTok,CAMP-008,Product View
SES-101926,2026-10-06T10:03:00,TikTok,CAMP-008,Add to Cart
SES-101926,2026-10-06T10:05:00,TikTok,CAMP-008,Purchase
SES-101927,2026-10-06T10:00:00,TikTok,CAMP-008,Landing Page
SES-101928,2026-10-06T10:00:00,TikTok,CAMP-008,Landing Page
SES-101928,2026-10-06T10:01:00,TikTok,CAMP-008,Product View
SES-101929,2026-10-06T10:00:00,TikTok,CAMP-008,Landing Page
SES-101930,2026-10-06T10:00:00,TikTok,CAMP-008,Landing Page
SES-101931,2026-10-06T10:00:00,TikTok,CAMP-008,Landing Page
SES-101932,2026-10-06T10:00:00,TikTok,CAMP-008,Landing Page
SES-101932,2026-10-06T10:01:00,TikTok,CAMP-008,Product View
SES-101933,2026-10-06T10:00:00,TikTok,CAMP-008,Landing Page
SES-101933,2026-10-06T10:01:00,TikTok,CAMP-008,Product View
SES-101934,2026-10-06T10:00:00,TikTok,CAMP-008,Landing Page
SES-101935,2026-10-06T10:00:00,TikTok,CAMP-008,Landing Page
SES-101936,2026-10-06T10:00:00,TikTok,CAMP-008,Landing Page
SES-101937,2026-10-06T10:00:00,TikTok,CAMP-008,Landing Page
SES-101938,2026-10-06T10:00:00,TikTok,CAMP-008,Landing Page
SES-101939,2026-10-06T10:00:00,TikTok,CAMP-008,Landing Page
SES-101940,2026-10-06T10:00:00,TikTok,CAMP-008,Landing Page
SES-101940,2026-10-06T10:01:00,TikTok,CAMP-008,Product View
SES-101941,2026-10-06T10:00:00,TikTok,CAMP-008,Landing Page
SES-101942,2026-10-06T10:00:00,TikTok,CAMP-008,Landing Page
SES-101943,2026-10-06T10:00:00,TikTok,CAMP-008,Landing Page
SES-101944,2026-10-06T10:00:00,TikTok,CAMP-008,Landing Page
SES-101944,2026-10-06T10:01:00,TikTok,CAMP-008,Product View
SES-101944,2026-10-06T10:03:00,TikTok,CAMP-008,Add to Cart
SES-101944,2026-10-06T10:05:00,TikTok,CAMP-008,Purchase
SES-101945,2026-10-06T10:00:00,TikTok,CAMP-008,Landing Page
SES-101945,2026-10-06T10:01:00,TikTok,CAMP-008,Product View
SES-101946,2026-10-06T10:00:00,TikTok,CAMP-008,Landing Page
SES-101946,2026-10-06T10:01:00,TikTok,CAMP-008,Product View
SES-101947,2026-10-06T10:00:00,TikTok,CAMP-008,Landing Page
SES-101947,2026-10-06T10:01:00,TikTok,CAMP-008,Product View
SES-101947,2026-10-06T10:03:00,TikTok,CAMP-008,Add to Cart
SES-101947,2026-10-06T10:05:00,TikTok,CAMP-008,Purchase
SES-101948,2026-10-06T10:00:00,TikTok,CAMP-008,Landing Page
SES-101949,2026-10-06T10:00:00,TikTok,CAMP-008,Landing Page
SES-101950,2026-10-07T10:00:00,TikTok,CAMP-008,Landing Page
SES-101951,2026-10-07T10:00:00,TikTok,CAMP-008,Landing Page
SES-101952,2026-10-07T10:00:00,TikTok,CAMP-008,Landing Page
SES-101953,2026-10-07T10:00:00,TikTok,CAMP-008,Landing Page
SES-101953,2026-10-07T10:01:00,TikTok,CAMP-008,Product View
SES-101954,2026-10-07T10:00:00,TikTok,CAMP-008,Landing Page
SES-101954,2026-10-07T10:01:00,TikTok,CAMP-008,Product View
SES-101954,2026-10-07T10:03:00,TikTok,CAMP-008,Add to Cart
SES-101954,2026-10-07T10:05:00,TikTok,CAMP-008,Purchase
SES-101955,2026-10-07T10:00:00,TikTok,CAMP-008,Landing Page
SES-101955,2026-10-07T10:01:00,TikTok,CAMP-008,Product View
SES-101955,2026-10-07T10:03:00,TikTok,CAMP-008,Add to Cart
SES-101956,2026-10-07T10:00:00,TikTok,CAMP-008,Landing Page
SES-101957,2026-10-07T10:00:00,TikTok,CAMP-008,Landing Page
SES-101957,2026-10-07T10:01:00,TikTok,CAMP-008,Product View
SES-101958,2026-10-07T10:00:00,TikTok,CAMP-008,Landing Page
SES-101959,2026-10-07T10:00:00,TikTok,CAMP-008,Landing Page
SES-101959,2026-10-07T10:01:00,TikTok,CAMP-008,Product View
SES-101960,2026-10-07T10:00:00,TikTok,CAMP-008,Landing Page
SES-101960,2026-10-07T10:01:00,TikTok,CAMP-008,Product View
SES-101960,2026-10-07T10:03:00,TikTok,CAMP-008,Add to Cart
SES-101961,2026-10-07T10:00:00,TikTok,CAMP-008,Landing Page
SES-101961,2026-10-07T10:01:00,TikTok,CAMP-008,Product View
SES-101961,2026-10-07T10:03:00,TikTok,CAMP-008,Add to Cart
SES-101962,2026-10-07T10:00:00,TikTok,CAMP-008,Landing Page
SES-101963,2026-10-07T10:00:00,TikTok,CAMP-008,Landing Page
SES-101964,2026-10-07T10:00:00,TikTok,CAMP-008,Landing Page
SES-101965,2026-10-07T10:00:00,TikTok,CAMP-008,Landing Page
SES-101966,2026-10-07T10:00:00,TikTok,CAMP-008,Landing Page
SES-101967,2026-10-07T10:00:00,TikTok,CAMP-008,Landing Page
SES-101967,2026-10-07T10:01:00,TikTok,CAMP-008,Product View
SES-101968,2026-10-07T10:00:00,TikTok,CAMP-008,Landing Page
SES-101969,2026-10-07T10:00:00,TikTok,CAMP-008,Landing Page
SES-101969,2026-10-07T10:01:00,TikTok,CAMP-008,Product View
SES-101970,2026-10-07T10:00:00,TikTok,CAMP-008,Landing Page
SES-101971,2026-10-07T10:00:00,TikTok,CAMP-008,Landing Page
SES-101971,2026-10-07T10:01:00,TikTok,CAMP-008,Product View
SES-101971,2026-10-07T10:03:00,TikTok,CAMP-008,Add to Cart
SES-101971,2026-10-07T10:05:00,TikTok,CAMP-008,Purchase
SES-101972,2026-10-07T10:00:00,TikTok,CAMP-008,Landing Page
SES-101973,2026-10-07T10:00:00,TikTok,CAMP-008,Landing Page
SES-101973,2026-10-07T10:01:00,TikTok,CAMP-008,Product View
SES-101974,2026-10-07T10:00:00,TikTok,CAMP-008,Landing Page
SES-101974,2026-10-07T10:01:00,TikTok,CAMP-008,Product View
SES-101975,2026-10-07T10:00:00,TikTok,CAMP-008,Landing Page
SES-101976,2026-10-07T10:00:00,TikTok,CAMP-008,Landing Page
SES-101976,2026-10-07T10:01:00,TikTok,CAMP-008,Product View
SES-101976,2026-10-07T10:03:00,TikTok,CAMP-008,Add to Cart
SES-101977,2026-10-07T10:00:00,TikTok,CAMP-008,Landing Page
SES-101978,2026-10-07T10:00:00,TikTok,CAMP-008,Landing Page
SES-101979,2026-10-07T10:00:00,TikTok,CAMP-008,Landing Page
SES-101980,2026-10-07T10:00:00,TikTok,CAMP-008,Landing Page
SES-101980,2026-10-07T10:01:00,TikTok,CAMP-008,Product View
SES-101980,2026-10-07T10:03:00,TikTok,CAMP-008,Add to Cart
SES-101980,2026-10-07T10:05:00,TikTok,CAMP-008,Purchase
SES-101981,2026-10-07T10:00:00,TikTok,CAMP-008,Landing Page
SES-101982,2026-10-07T10:00:00,TikTok,CAMP-008,Landing Page
SES-101983,2026-10-07T10:00:00,TikTok,CAMP-008,Landing Page
SES-101984,2026-10-07T10:00:00,TikTok,CAMP-008,Landing Page
SES-101985,2026-10-07T10:00:00,TikTok,CAMP-008,Landing Page
SES-101986,2026-10-07T10:00:00,TikTok,CAMP-008,Landing Page
SES-101986,2026-10-07T10:01:00,TikTok,CAMP-008,Product View
SES-101986,2026-10-07T10:03:00,TikTok,CAMP-008,Add to Cart
SES-101987,2026-10-07T10:00:00,TikTok,CAMP-008,Landing Page
SES-101988,2026-10-07T10:00:00,TikTok,CAMP-008,Landing Page
SES-101988,2026-10-07T10:01:00,TikTok,CAMP-008,Product View
SES-101989,2026-10-07T10:00:00,TikTok,CAMP-008,Landing Page
SES-101989,2026-10-07T10:01:00,TikTok,CAMP-008,Product View
SES-101989,2026-10-07T10:03:00,TikTok,CAMP-008,Add to Cart
SES-101990,2026-10-07T10:00:00,TikTok,CAMP-008,Landing Page
SES-101991,2026-10-07T10:00:00,TikTok,CAMP-008,Landing Page
SES-101992,2026-10-07T10:00:00,TikTok,CAMP-008,Landing Page
SES-101993,2026-10-07T10:00:00,TikTok,CAMP-008,Landing Page
SES-101993,2026-10-07T10:01:00,TikTok,CAMP-008,Product View
SES-101994,2026-10-07T10:00:00,TikTok,CAMP-008,Landing Page
SES-101995,2026-10-07T10:00:00,TikTok,CAMP-008,Landing Page
SES-101995,2026-10-07T10:01:00,TikTok,CAMP-008,Product View
SES-101996,2026-10-07T10:00:00,TikTok,CAMP-008,Landing Page
SES-101997,2026-10-07T10:00:00,TikTok,CAMP-008,Landing Page
SES-101998,2026-10-07T10:00:00,TikTok,CAMP-008,Landing Page
SES-101999,2026-10-07T10:00:00,TikTok,CAMP-008,Landing Page
SES-101999,2026-10-07T10:01:00,TikTok,CAMP-008,Product View
SES-102000,2026-10-03T10:00:00,Meta,CAMP-009,Landing Page
SES-102000,2026-10-03T10:01:00,Meta,CAMP-009,Product View
SES-102001,2026-10-03T10:00:00,Meta,CAMP-009,Landing Page
SES-102001,2026-10-03T10:01:00,Meta,CAMP-009,Product View
SES-102001,2026-10-03T10:03:00,Meta,CAMP-009,Add to Cart
SES-102002,2026-10-03T10:00:00,Meta,CAMP-009,Landing Page
SES-102003,2026-10-03T10:00:00,Meta,CAMP-009,Landing Page
SES-102003,2026-10-03T10:01:00,Meta,CAMP-009,Product View
SES-102003,2026-10-03T10:03:00,Meta,CAMP-009,Add to Cart
SES-102003,2026-10-03T10:05:00,Meta,CAMP-009,Purchase
SES-102004,2026-10-03T10:00:00,Meta,CAMP-009,Landing Page
SES-102005,2026-10-03T10:00:00,Meta,CAMP-009,Landing Page
SES-102006,2026-10-03T10:00:00,Meta,CAMP-009,Landing Page
SES-102006,2026-10-03T10:01:00,Meta,CAMP-009,Product View
SES-102006,2026-10-03T10:03:00,Meta,CAMP-009,Add to Cart
SES-102006,2026-10-03T10:05:00,Meta,CAMP-009,Purchase
SES-102007,2026-10-03T10:00:00,Meta,CAMP-009,Landing Page
SES-102007,2026-10-03T10:01:00,Meta,CAMP-009,Product View
SES-102008,2026-10-03T10:00:00,Meta,CAMP-009,Landing Page
SES-102008,2026-10-03T10:01:00,Meta,CAMP-009,Product View
SES-102008,2026-10-03T10:03:00,Meta,CAMP-009,Add to Cart
SES-102008,2026-10-03T10:05:00,Meta,CAMP-009,Purchase
SES-102009,2026-10-03T10:00:00,Meta,CAMP-009,Landing Page
SES-102009,2026-10-03T10:01:00,Meta,CAMP-009,Product View
SES-102010,2026-10-03T10:00:00,Meta,CAMP-009,Landing Page
SES-102011,2026-10-03T10:00:00,Meta,CAMP-009,Landing Page
SES-102012,2026-10-03T10:00:00,Meta,CAMP-009,Landing Page
SES-102013,2026-10-03T10:00:00,Meta,CAMP-009,Landing Page
SES-102013,2026-10-03T10:01:00,Meta,CAMP-009,Product View
SES-102013,2026-10-03T10:03:00,Meta,CAMP-009,Add to Cart
SES-102014,2026-10-03T10:00:00,Meta,CAMP-009,Landing Page
SES-102014,2026-10-03T10:01:00,Meta,CAMP-009,Product View
SES-102015,2026-10-03T10:00:00,Meta,CAMP-009,Landing Page
SES-102015,2026-10-03T10:01:00,Meta,CAMP-009,Product View
SES-102015,2026-10-03T10:03:00,Meta,CAMP-009,Add to Cart
SES-102015,2026-10-03T10:05:00,Meta,CAMP-009,Purchase
SES-102016,2026-10-03T10:00:00,Meta,CAMP-009,Landing Page
SES-102017,2026-10-03T10:00:00,Meta,CAMP-009,Landing Page
SES-102017,2026-10-03T10:01:00,Meta,CAMP-009,Product View
SES-102017,2026-10-03T10:03:00,Meta,CAMP-009,Add to Cart
SES-102017,2026-10-03T10:05:00,Meta,CAMP-009,Purchase
SES-102018,2026-10-03T10:00:00,Meta,CAMP-009,Landing Page
SES-102019,2026-10-03T10:00:00,Meta,CAMP-009,Landing Page
SES-102020,2026-10-03T10:00:00,Meta,CAMP-009,Landing Page
SES-102020,2026-10-03T10:01:00,Meta,CAMP-009,Product View
SES-102021,2026-10-03T10:00:00,Meta,CAMP-009,Landing Page
SES-102021,2026-10-03T10:01:00,Meta,CAMP-009,Product View
SES-102022,2026-10-03T10:00:00,Meta,CAMP-009,Landing Page
SES-102023,2026-10-03T10:00:00,Meta,CAMP-009,Landing Page
SES-102024,2026-10-03T10:00:00,Meta,CAMP-009,Landing Page
SES-102025,2026-10-03T10:00:00,Meta,CAMP-009,Landing Page
SES-102025,2026-10-03T10:01:00,Meta,CAMP-009,Product View
SES-102026,2026-10-03T10:00:00,Meta,CAMP-009,Landing Page
SES-102026,2026-10-03T10:01:00,Meta,CAMP-009,Product View
SES-102027,2026-10-03T10:00:00,Meta,CAMP-009,Landing Page
SES-102027,2026-10-03T10:01:00,Meta,CAMP-009,Product View
SES-102028,2026-10-03T10:00:00,Meta,CAMP-009,Landing Page
SES-102028,2026-10-03T10:01:00,Meta,CAMP-009,Product View
SES-102028,2026-10-03T10:03:00,Meta,CAMP-009,Add to Cart
SES-102029,2026-10-03T10:00:00,Meta,CAMP-009,Landing Page
SES-102029,2026-10-03T10:01:00,Meta,CAMP-009,Product View
SES-102030,2026-10-03T10:00:00,Meta,CAMP-009,Landing Page
SES-102030,2026-10-03T10:01:00,Meta,CAMP-009,Product View
SES-102031,2026-10-03T10:00:00,Meta,CAMP-009,Landing Page
SES-102031,2026-10-03T10:01:00,Meta,CAMP-009,Product View
SES-102032,2026-10-03T10:00:00,Meta,CAMP-009,Landing Page
SES-102033,2026-10-03T10:00:00,Meta,CAMP-009,Landing Page
SES-102033,2026-10-03T10:01:00,Meta,CAMP-009,Product View
SES-102033,2026-10-03T10:03:00,Meta,CAMP-009,Add to Cart
SES-102034,2026-10-03T10:00:00,Meta,CAMP-009,Landing Page
SES-102034,2026-10-03T10:01:00,Meta,CAMP-009,Product View
SES-102034,2026-10-03T10:03:00,Meta,CAMP-009,Add to Cart
SES-102035,2026-10-03T10:00:00,Meta,CAMP-009,Landing Page
SES-102035,2026-10-03T10:01:00,Meta,CAMP-009,Product View
SES-102036,2026-10-03T10:00:00,Meta,CAMP-009,Landing Page
SES-102037,2026-10-03T10:00:00,Meta,CAMP-009,Landing Page
SES-102038,2026-10-03T10:00:00,Meta,CAMP-009,Landing Page
SES-102038,2026-10-03T10:01:00,Meta,CAMP-009,Product View
SES-102038,2026-10-03T10:03:00,Meta,CAMP-009,Add to Cart
SES-102038,2026-10-03T10:05:00,Meta,CAMP-009,Purchase
SES-102039,2026-10-03T10:00:00,Meta,CAMP-009,Landing Page
SES-102040,2026-10-03T10:00:00,Meta,CAMP-009,Landing Page
SES-102040,2026-10-03T10:01:00,Meta,CAMP-009,Product View
SES-102040,2026-10-03T10:03:00,Meta,CAMP-009,Add to Cart
SES-102041,2026-10-03T10:00:00,Meta,CAMP-009,Landing Page
SES-102041,2026-10-03T10:01:00,Meta,CAMP-009,Product View
SES-102042,2026-10-03T10:00:00,Meta,CAMP-009,Landing Page
SES-102042,2026-10-03T10:01:00,Meta,CAMP-009,Product View
SES-102043,2026-10-03T10:00:00,Meta,CAMP-009,Landing Page
SES-102043,2026-10-03T10:01:00,Meta,CAMP-009,Product View
SES-102043,2026-10-03T10:03:00,Meta,CAMP-009,Add to Cart
SES-102043,2026-10-03T10:05:00,Meta,CAMP-009,Purchase
SES-102044,2026-10-03T10:00:00,Meta,CAMP-009,Landing Page
SES-102045,2026-10-03T10:00:00,Meta,CAMP-009,Landing Page
SES-102045,2026-10-03T10:01:00,Meta,CAMP-009,Product View
SES-102045,2026-10-03T10:03:00,Meta,CAMP-009,Add to Cart
SES-102046,2026-10-03T10:00:00,Meta,CAMP-009,Landing Page
SES-102046,2026-10-03T10:01:00,Meta,CAMP-009,Product View
SES-102047,2026-10-03T10:00:00,Meta,CAMP-009,Landing Page
SES-102047,2026-10-03T10:01:00,Meta,CAMP-009,Product View
SES-102048,2026-10-03T10:00:00,Meta,CAMP-009,Landing Page
SES-102048,2026-10-03T10:01:00,Meta,CAMP-009,Product View
SES-102049,2026-10-03T10:00:00,Meta,CAMP-009,Landing Page
SES-102049,2026-10-03T10:01:00,Meta,CAMP-009,Product View
SES-102050,2026-10-04T10:00:00,Meta,CAMP-009,Landing Page
SES-102051,2026-10-04T10:00:00,Meta,CAMP-009,Landing Page
SES-102052,2026-10-04T10:00:00,Meta,CAMP-009,Landing Page
SES-102052,2026-10-04T10:01:00,Meta,CAMP-009,Product View
SES-102052,2026-10-04T10:03:00,Meta,CAMP-009,Add to Cart
SES-102053,2026-10-04T10:00:00,Meta,CAMP-009,Landing Page
SES-102054,2026-10-04T10:00:00,Meta,CAMP-009,Landing Page
SES-102055,2026-10-04T10:00:00,Meta,CAMP-009,Landing Page
SES-102055,2026-10-04T10:01:00,Meta,CAMP-009,Product View
SES-102056,2026-10-04T10:00:00,Meta,CAMP-009,Landing Page
SES-102057,2026-10-04T10:00:00,Meta,CAMP-009,Landing Page
SES-102058,2026-10-04T10:00:00,Meta,CAMP-009,Landing Page
SES-102058,2026-10-04T10:01:00,Meta,CAMP-009,Product View
SES-102059,2026-10-04T10:00:00,Meta,CAMP-009,Landing Page
SES-102060,2026-10-04T10:00:00,Meta,CAMP-009,Landing Page
SES-102060,2026-10-04T10:01:00,Meta,CAMP-009,Product View
SES-102061,2026-10-04T10:00:00,Meta,CAMP-009,Landing Page
SES-102061,2026-10-04T10:01:00,Meta,CAMP-009,Product View
SES-102062,2026-10-04T10:00:00,Meta,CAMP-009,Landing Page
SES-102063,2026-10-04T10:00:00,Meta,CAMP-009,Landing Page
SES-102063,2026-10-04T10:01:00,Meta,CAMP-009,Product View
SES-102064,2026-10-04T10:00:00,Meta,CAMP-009,Landing Page
SES-102065,2026-10-04T10:00:00,Meta,CAMP-009,Landing Page
SES-102066,2026-10-04T10:00:00,Meta,CAMP-009,Landing Page
SES-102066,2026-10-04T10:01:00,Meta,CAMP-009,Product View
SES-102066,2026-10-04T10:03:00,Meta,CAMP-009,Add to Cart
SES-102067,2026-10-04T10:00:00,Meta,CAMP-009,Landing Page
SES-102067,2026-10-04T10:01:00,Meta,CAMP-009,Product View
SES-102068,2026-10-04T10:00:00,Meta,CAMP-009,Landing Page
SES-102068,2026-10-04T10:01:00,Meta,CAMP-009,Product View
SES-102069,2026-10-04T10:00:00,Meta,CAMP-009,Landing Page
SES-102070,2026-10-04T10:00:00,Meta,CAMP-009,Landing Page
SES-102071,2026-10-04T10:00:00,Meta,CAMP-009,Landing Page
SES-102072,2026-10-04T10:00:00,Meta,CAMP-009,Landing Page
SES-102073,2026-10-04T10:00:00,Meta,CAMP-009,Landing Page
SES-102074,2026-10-04T10:00:00,Meta,CAMP-009,Landing Page
SES-102074,2026-10-04T10:01:00,Meta,CAMP-009,Product View
SES-102075,2026-10-04T10:00:00,Meta,CAMP-009,Landing Page
SES-102075,2026-10-04T10:01:00,Meta,CAMP-009,Product View
SES-102076,2026-10-04T10:00:00,Meta,CAMP-009,Landing Page
SES-102076,2026-10-04T10:01:00,Meta,CAMP-009,Product View
SES-102077,2026-10-04T10:00:00,Meta,CAMP-009,Landing Page
SES-102077,2026-10-04T10:01:00,Meta,CAMP-009,Product View
SES-102077,2026-10-04T10:03:00,Meta,CAMP-009,Add to Cart
SES-102077,2026-10-04T10:05:00,Meta,CAMP-009,Purchase
SES-102078,2026-10-04T10:00:00,Meta,CAMP-009,Landing Page
SES-102078,2026-10-04T10:01:00,Meta,CAMP-009,Product View
SES-102078,2026-10-04T10:03:00,Meta,CAMP-009,Add to Cart
SES-102078,2026-10-04T10:05:00,Meta,CAMP-009,Purchase
SES-102079,2026-10-04T10:00:00,Meta,CAMP-009,Landing Page
SES-102079,2026-10-04T10:01:00,Meta,CAMP-009,Product View
SES-102079,2026-10-04T10:03:00,Meta,CAMP-009,Add to Cart
SES-102080,2026-10-04T10:00:00,Meta,CAMP-009,Landing Page
SES-102081,2026-10-04T10:00:00,Meta,CAMP-009,Landing Page
SES-102082,2026-10-04T10:00:00,Meta,CAMP-009,Landing Page
SES-102083,2026-10-04T10:00:00,Meta,CAMP-009,Landing Page
SES-102084,2026-10-04T10:00:00,Meta,CAMP-009,Landing Page
SES-102084,2026-10-04T10:01:00,Meta,CAMP-009,Product View
SES-102085,2026-10-04T10:00:00,Meta,CAMP-009,Landing Page
SES-102085,2026-10-04T10:01:00,Meta,CAMP-009,Product View
SES-102086,2026-10-04T10:00:00,Meta,CAMP-009,Landing Page
SES-102087,2026-10-04T10:00:00,Meta,CAMP-009,Landing Page
SES-102088,2026-10-04T10:00:00,Meta,CAMP-009,Landing Page
SES-102089,2026-10-04T10:00:00,Meta,CAMP-009,Landing Page
SES-102089,2026-10-04T10:01:00,Meta,CAMP-009,Product View
SES-102090,2026-10-04T10:00:00,Meta,CAMP-009,Landing Page
SES-102091,2026-10-04T10:00:00,Meta,CAMP-009,Landing Page
SES-102091,2026-10-04T10:01:00,Meta,CAMP-009,Product View
SES-102092,2026-10-04T10:00:00,Meta,CAMP-009,Landing Page
SES-102092,2026-10-04T10:01:00,Meta,CAMP-009,Product View
SES-102092,2026-10-04T10:03:00,Meta,CAMP-009,Add to Cart
SES-102092,2026-10-04T10:05:00,Meta,CAMP-009,Purchase
SES-102093,2026-10-04T10:00:00,Meta,CAMP-009,Landing Page
SES-102094,2026-10-04T10:00:00,Meta,CAMP-009,Landing Page
SES-102094,2026-10-04T10:01:00,Meta,CAMP-009,Product View
SES-102094,2026-10-04T10:03:00,Meta,CAMP-009,Add to Cart
SES-102094,2026-10-04T10:05:00,Meta,CAMP-009,Purchase
SES-102095,2026-10-04T10:00:00,Meta,CAMP-009,Landing Page
SES-102095,2026-10-04T10:01:00,Meta,CAMP-009,Product View
SES-102096,2026-10-04T10:00:00,Meta,CAMP-009,Landing Page
SES-102096,2026-10-04T10:01:00,Meta,CAMP-009,Product View
SES-102097,2026-10-04T10:00:00,Meta,CAMP-009,Landing Page
SES-102097,2026-10-04T10:01:00,Meta,CAMP-009,Product View
SES-102097,2026-10-04T10:03:00,Meta,CAMP-009,Add to Cart
SES-102098,2026-10-04T10:00:00,Meta,CAMP-009,Landing Page
SES-102099,2026-10-04T10:00:00,Meta,CAMP-009,Landing Page
SES-102099,2026-10-04T10:01:00,Meta,CAMP-009,Product View
SES-102100,2026-10-05T10:00:00,Meta,CAMP-009,Landing Page
SES-102101,2026-10-05T10:00:00,Meta,CAMP-009,Landing Page
SES-102101,2026-10-05T10:01:00,Meta,CAMP-009,Product View
SES-102102,2026-10-05T10:00:00,Meta,CAMP-009,Landing Page
SES-102102,2026-10-05T10:01:00,Meta,CAMP-009,Product View
SES-102102,2026-10-05T10:03:00,Meta,CAMP-009,Add to Cart
SES-102103,2026-10-05T10:00:00,Meta,CAMP-009,Landing Page
SES-102104,2026-10-05T10:00:00,Meta,CAMP-009,Landing Page
SES-102104,2026-10-05T10:01:00,Meta,CAMP-009,Product View
SES-102104,2026-10-05T10:03:00,Meta,CAMP-009,Add to Cart
SES-102105,2026-10-05T10:00:00,Meta,CAMP-009,Landing Page
SES-102105,2026-10-05T10:01:00,Meta,CAMP-009,Product View
SES-102106,2026-10-05T10:00:00,Meta,CAMP-009,Landing Page
SES-102106,2026-10-05T10:01:00,Meta,CAMP-009,Product View
SES-102107,2026-10-05T10:00:00,Meta,CAMP-009,Landing Page
SES-102107,2026-10-05T10:01:00,Meta,CAMP-009,Product View
SES-102108,2026-10-05T10:00:00,Meta,CAMP-009,Landing Page
SES-102108,2026-10-05T10:01:00,Meta,CAMP-009,Product View
SES-102109,2026-10-05T10:00:00,Meta,CAMP-009,Landing Page
SES-102109,2026-10-05T10:01:00,Meta,CAMP-009,Product View
SES-102110,2026-10-05T10:00:00,Meta,CAMP-009,Landing Page
SES-102111,2026-10-05T10:00:00,Meta,CAMP-009,Landing Page
SES-102112,2026-10-05T10:00:00,Meta,CAMP-009,Landing Page
SES-102113,2026-10-05T10:00:00,Meta,CAMP-009,Landing Page
SES-102113,2026-10-05T10:01:00,Meta,CAMP-009,Product View
SES-102114,2026-10-05T10:00:00,Meta,CAMP-009,Landing Page
SES-102114,2026-10-05T10:01:00,Meta,CAMP-009,Product View
SES-102115,2026-10-05T10:00:00,Meta,CAMP-009,Landing Page
SES-102115,2026-10-05T10:01:00,Meta,CAMP-009,Product View
SES-102116,2026-10-05T10:00:00,Meta,CAMP-009,Landing Page
SES-102117,2026-10-05T10:00:00,Meta,CAMP-009,Landing Page
SES-102117,2026-10-05T10:01:00,Meta,CAMP-009,Product View
SES-102118,2026-10-05T10:00:00,Meta,CAMP-009,Landing Page
SES-102119,2026-10-05T10:00:00,Meta,CAMP-009,Landing Page
SES-102120,2026-10-05T10:00:00,Meta,CAMP-009,Landing Page
SES-102120,2026-10-05T10:01:00,Meta,CAMP-009,Product View
SES-102121,2026-10-05T10:00:00,Meta,CAMP-009,Landing Page
SES-102122,2026-10-05T10:00:00,Meta,CAMP-009,Landing Page
SES-102123,2026-10-05T10:00:00,Meta,CAMP-009,Landing Page
SES-102123,2026-10-05T10:01:00,Meta,CAMP-009,Product View
SES-102123,2026-10-05T10:03:00,Meta,CAMP-009,Add to Cart
SES-102123,2026-10-05T10:05:00,Meta,CAMP-009,Purchase
SES-102124,2026-10-05T10:00:00,Meta,CAMP-009,Landing Page
SES-102124,2026-10-05T10:01:00,Meta,CAMP-009,Product View
SES-102125,2026-10-05T10:00:00,Meta,CAMP-009,Landing Page
SES-102126,2026-10-05T10:00:00,Meta,CAMP-009,Landing Page
SES-102127,2026-10-05T10:00:00,Meta,CAMP-009,Landing Page
SES-102128,2026-10-05T10:00:00,Meta,CAMP-009,Landing Page
SES-102128,2026-10-05T10:01:00,Meta,CAMP-009,Product View
SES-102128,2026-10-05T10:03:00,Meta,CAMP-009,Add to Cart
SES-102128,2026-10-05T10:05:00,Meta,CAMP-009,Purchase
SES-102129,2026-10-05T10:00:00,Meta,CAMP-009,Landing Page
SES-102129,2026-10-05T10:01:00,Meta,CAMP-009,Product View
SES-102130,2026-10-05T10:00:00,Meta,CAMP-009,Landing Page
SES-102130,2026-10-05T10:01:00,Meta,CAMP-009,Product View
SES-102131,2026-10-05T10:00:00,Meta,CAMP-009,Landing Page
SES-102131,2026-10-05T10:01:00,Meta,CAMP-009,Product View
SES-102132,2026-10-05T10:00:00,Meta,CAMP-009,Landing Page
SES-102133,2026-10-05T10:00:00,Meta,CAMP-009,Landing Page
SES-102134,2026-10-05T10:00:00,Meta,CAMP-009,Landing Page
SES-102134,2026-10-05T10:01:00,Meta,CAMP-009,Product View
SES-102135,2026-10-05T10:00:00,Meta,CAMP-009,Landing Page
SES-102136,2026-10-05T10:00:00,Meta,CAMP-009,Landing Page
SES-102137,2026-10-05T10:00:00,Meta,CAMP-009,Landing Page
SES-102137,2026-10-05T10:01:00,Meta,CAMP-009,Product View
SES-102137,2026-10-05T10:03:00,Meta,CAMP-009,Add to Cart
SES-102138,2026-10-05T10:00:00,Meta,CAMP-009,Landing Page
SES-102138,2026-10-05T10:01:00,Meta,CAMP-009,Product View
SES-102139,2026-10-05T10:00:00,Meta,CAMP-009,Landing Page
SES-102140,2026-10-05T10:00:00,Meta,CAMP-009,Landing Page
SES-102140,2026-10-05T10:01:00,Meta,CAMP-009,Product View
SES-102141,2026-10-05T10:00:00,Meta,CAMP-009,Landing Page
SES-102142,2026-10-05T10:00:00,Meta,CAMP-009,Landing Page
SES-102143,2026-10-05T10:00:00,Meta,CAMP-009,Landing Page
SES-102144,2026-10-05T10:00:00,Meta,CAMP-009,Landing Page
SES-102145,2026-10-05T10:00:00,Meta,CAMP-009,Landing Page
SES-102146,2026-10-05T10:00:00,Meta,CAMP-009,Landing Page
SES-102147,2026-10-05T10:00:00,Meta,CAMP-009,Landing Page
SES-102147,2026-10-05T10:01:00,Meta,CAMP-009,Product View
SES-102147,2026-10-05T10:03:00,Meta,CAMP-009,Add to Cart
SES-102148,2026-10-05T10:00:00,Meta,CAMP-009,Landing Page
SES-102148,2026-10-05T10:01:00,Meta,CAMP-009,Product View
SES-102148,2026-10-05T10:03:00,Meta,CAMP-009,Add to Cart
SES-102149,2026-10-05T10:00:00,Meta,CAMP-009,Landing Page
SES-102150,2026-10-06T10:00:00,Meta,CAMP-009,Landing Page
SES-102151,2026-10-06T10:00:00,Meta,CAMP-009,Landing Page
SES-102152,2026-10-06T10:00:00,Meta,CAMP-009,Landing Page
SES-102152,2026-10-06T10:01:00,Meta,CAMP-009,Product View
SES-102152,2026-10-06T10:03:00,Meta,CAMP-009,Add to Cart
SES-102153,2026-10-06T10:00:00,Meta,CAMP-009,Landing Page
SES-102153,2026-10-06T10:01:00,Meta,CAMP-009,Product View
SES-102154,2026-10-06T10:00:00,Meta,CAMP-009,Landing Page
SES-102154,2026-10-06T10:01:00,Meta,CAMP-009,Product View
SES-102154,2026-10-06T10:03:00,Meta,CAMP-009,Add to Cart
SES-102154,2026-10-06T10:05:00,Meta,CAMP-009,Purchase
SES-102155,2026-10-06T10:00:00,Meta,CAMP-009,Landing Page
SES-102155,2026-10-06T10:01:00,Meta,CAMP-009,Product View
SES-102156,2026-10-06T10:00:00,Meta,CAMP-009,Landing Page
SES-102157,2026-10-06T10:00:00,Meta,CAMP-009,Landing Page
SES-102158,2026-10-06T10:00:00,Meta,CAMP-009,Landing Page
SES-102159,2026-10-06T10:00:00,Meta,CAMP-009,Landing Page
SES-102160,2026-10-06T10:00:00,Meta,CAMP-009,Landing Page
SES-102161,2026-10-06T10:00:00,Meta,CAMP-009,Landing Page
SES-102161,2026-10-06T10:01:00,Meta,CAMP-009,Product View
SES-102162,2026-10-06T10:00:00,Meta,CAMP-009,Landing Page
SES-102163,2026-10-06T10:00:00,Meta,CAMP-009,Landing Page
SES-102163,2026-10-06T10:01:00,Meta,CAMP-009,Product View
SES-102163,2026-10-06T10:03:00,Meta,CAMP-009,Add to Cart
SES-102163,2026-10-06T10:05:00,Meta,CAMP-009,Purchase
SES-102164,2026-10-06T10:00:00,Meta,CAMP-009,Landing Page
SES-102164,2026-10-06T10:01:00,Meta,CAMP-009,Product View
SES-102165,2026-10-06T10:00:00,Meta,CAMP-009,Landing Page
SES-102166,2026-10-06T10:00:00,Meta,CAMP-009,Landing Page
SES-102167,2026-10-06T10:00:00,Meta,CAMP-009,Landing Page
SES-102167,2026-10-06T10:01:00,Meta,CAMP-009,Product View
SES-102168,2026-10-06T10:00:00,Meta,CAMP-009,Landing Page
SES-102168,2026-10-06T10:01:00,Meta,CAMP-009,Product View
SES-102169,2026-10-06T10:00:00,Meta,CAMP-009,Landing Page
SES-102170,2026-10-06T10:00:00,Meta,CAMP-009,Landing Page
SES-102171,2026-10-06T10:00:00,Meta,CAMP-009,Landing Page
SES-102171,2026-10-06T10:01:00,Meta,CAMP-009,Product View
SES-102172,2026-10-06T10:00:00,Meta,CAMP-009,Landing Page
SES-102172,2026-10-06T10:01:00,Meta,CAMP-009,Product View
SES-102173,2026-10-06T10:00:00,Meta,CAMP-009,Landing Page
SES-102174,2026-10-06T10:00:00,Meta,CAMP-009,Landing Page
SES-102174,2026-10-06T10:01:00,Meta,CAMP-009,Product View
SES-102174,2026-10-06T10:03:00,Meta,CAMP-009,Add to Cart
SES-102174,2026-10-06T10:05:00,Meta,CAMP-009,Purchase
SES-102175,2026-10-06T10:00:00,Meta,CAMP-009,Landing Page
SES-102175,2026-10-06T10:01:00,Meta,CAMP-009,Product View
SES-102176,2026-10-06T10:00:00,Meta,CAMP-009,Landing Page
SES-102176,2026-10-06T10:01:00,Meta,CAMP-009,Product View
SES-102177,2026-10-06T10:00:00,Meta,CAMP-009,Landing Page
SES-102177,2026-10-06T10:01:00,Meta,CAMP-009,Product View
SES-102177,2026-10-06T10:03:00,Meta,CAMP-009,Add to Cart
SES-102178,2026-10-06T10:00:00,Meta,CAMP-009,Landing Page
SES-102179,2026-10-06T10:00:00,Meta,CAMP-009,Landing Page
SES-102180,2026-10-06T10:00:00,Meta,CAMP-009,Landing Page
SES-102180,2026-10-06T10:01:00,Meta,CAMP-009,Product View
SES-102180,2026-10-06T10:03:00,Meta,CAMP-009,Add to Cart
SES-102180,2026-10-06T10:05:00,Meta,CAMP-009,Purchase
SES-102181,2026-10-06T10:00:00,Meta,CAMP-009,Landing Page
SES-102181,2026-10-06T10:01:00,Meta,CAMP-009,Product View
SES-102182,2026-10-06T10:00:00,Meta,CAMP-009,Landing Page
SES-102182,2026-10-06T10:01:00,Meta,CAMP-009,Product View
SES-102183,2026-10-06T10:00:00,Meta,CAMP-009,Landing Page
SES-102184,2026-10-06T10:00:00,Meta,CAMP-009,Landing Page
SES-102185,2026-10-06T10:00:00,Meta,CAMP-009,Landing Page
SES-102186,2026-10-06T10:00:00,Meta,CAMP-009,Landing Page
SES-102186,2026-10-06T10:01:00,Meta,CAMP-009,Product View
SES-102186,2026-10-06T10:03:00,Meta,CAMP-009,Add to Cart
SES-102187,2026-10-06T10:00:00,Meta,CAMP-009,Landing Page
SES-102187,2026-10-06T10:01:00,Meta,CAMP-009,Product View
SES-102188,2026-10-06T10:00:00,Meta,CAMP-009,Landing Page
SES-102189,2026-10-06T10:00:00,Meta,CAMP-009,Landing Page
SES-102190,2026-10-06T10:00:00,Meta,CAMP-009,Landing Page
SES-102191,2026-10-06T10:00:00,Meta,CAMP-009,Landing Page
SES-102192,2026-10-06T10:00:00,Meta,CAMP-009,Landing Page
SES-102193,2026-10-06T10:00:00,Meta,CAMP-009,Landing Page
SES-102193,2026-10-06T10:01:00,Meta,CAMP-009,Product View
SES-102194,2026-10-06T10:00:00,Meta,CAMP-009,Landing Page
SES-102194,2026-10-06T10:01:00,Meta,CAMP-009,Product View
SES-102195,2026-10-06T10:00:00,Meta,CAMP-009,Landing Page
SES-102196,2026-10-06T10:00:00,Meta,CAMP-009,Landing Page
SES-102196,2026-10-06T10:01:00,Meta,CAMP-009,Product View
SES-102196,2026-10-06T10:03:00,Meta,CAMP-009,Add to Cart
SES-102197,2026-10-06T10:00:00,Meta,CAMP-009,Landing Page
SES-102198,2026-10-06T10:00:00,Meta,CAMP-009,Landing Page
SES-102199,2026-10-06T10:00:00,Meta,CAMP-009,Landing Page
SES-102200,2026-10-07T10:00:00,Meta,CAMP-009,Landing Page
SES-102201,2026-10-07T10:00:00,Meta,CAMP-009,Landing Page
SES-102201,2026-10-07T10:01:00,Meta,CAMP-009,Product View
SES-102202,2026-10-07T10:00:00,Meta,CAMP-009,Landing Page
SES-102203,2026-10-07T10:00:00,Meta,CAMP-009,Landing Page
SES-102203,2026-10-07T10:01:00,Meta,CAMP-009,Product View
SES-102204,2026-10-07T10:00:00,Meta,CAMP-009,Landing Page
SES-102205,2026-10-07T10:00:00,Meta,CAMP-009,Landing Page
SES-102206,2026-10-07T10:00:00,Meta,CAMP-009,Landing Page
SES-102207,2026-10-07T10:00:00,Meta,CAMP-009,Landing Page
SES-102208,2026-10-07T10:00:00,Meta,CAMP-009,Landing Page
SES-102208,2026-10-07T10:01:00,Meta,CAMP-009,Product View
SES-102209,2026-10-07T10:00:00,Meta,CAMP-009,Landing Page
SES-102209,2026-10-07T10:01:00,Meta,CAMP-009,Product View
SES-102210,2026-10-07T10:00:00,Meta,CAMP-009,Landing Page
SES-102210,2026-10-07T10:01:00,Meta,CAMP-009,Product View
SES-102211,2026-10-07T10:00:00,Meta,CAMP-009,Landing Page
SES-102211,2026-10-07T10:01:00,Meta,CAMP-009,Product View
SES-102211,2026-10-07T10:03:00,Meta,CAMP-009,Add to Cart
SES-102212,2026-10-07T10:00:00,Meta,CAMP-009,Landing Page
SES-102212,2026-10-07T10:01:00,Meta,CAMP-009,Product View
SES-102212,2026-10-07T10:03:00,Meta,CAMP-009,Add to Cart
SES-102213,2026-10-07T10:00:00,Meta,CAMP-009,Landing Page
SES-102213,2026-10-07T10:01:00,Meta,CAMP-009,Product View
SES-102213,2026-10-07T10:03:00,Meta,CAMP-009,Add to Cart
SES-102213,2026-10-07T10:05:00,Meta,CAMP-009,Purchase
SES-102214,2026-10-07T10:00:00,Meta,CAMP-009,Landing Page
SES-102214,2026-10-07T10:01:00,Meta,CAMP-009,Product View
SES-102215,2026-10-07T10:00:00,Meta,CAMP-009,Landing Page
SES-102216,2026-10-07T10:00:00,Meta,CAMP-009,Landing Page
SES-102216,2026-10-07T10:01:00,Meta,CAMP-009,Product View
SES-102216,2026-10-07T10:03:00,Meta,CAMP-009,Add to Cart
SES-102217,2026-10-07T10:00:00,Meta,CAMP-009,Landing Page
SES-102217,2026-10-07T10:01:00,Meta,CAMP-009,Product View
SES-102218,2026-10-07T10:00:00,Meta,CAMP-009,Landing Page
SES-102218,2026-10-07T10:01:00,Meta,CAMP-009,Product View
SES-102218,2026-10-07T10:03:00,Meta,CAMP-009,Add to Cart
SES-102218,2026-10-07T10:05:00,Meta,CAMP-009,Purchase
SES-102219,2026-10-07T10:00:00,Meta,CAMP-009,Landing Page
SES-102219,2026-10-07T10:01:00,Meta,CAMP-009,Product View
SES-102219,2026-10-07T10:03:00,Meta,CAMP-009,Add to Cart
SES-102220,2026-10-07T10:00:00,Meta,CAMP-009,Landing Page
SES-102221,2026-10-07T10:00:00,Meta,CAMP-009,Landing Page
SES-102222,2026-10-07T10:00:00,Meta,CAMP-009,Landing Page
SES-102223,2026-10-07T10:00:00,Meta,CAMP-009,Landing Page
SES-102224,2026-10-07T10:00:00,Meta,CAMP-009,Landing Page
SES-102224,2026-10-07T10:01:00,Meta,CAMP-009,Product View
SES-102224,2026-10-07T10:03:00,Meta,CAMP-009,Add to Cart
SES-102225,2026-10-07T10:00:00,Meta,CAMP-009,Landing Page
SES-102225,2026-10-07T10:01:00,Meta,CAMP-009,Product View
SES-102226,2026-10-07T10:00:00,Meta,CAMP-009,Landing Page
SES-102227,2026-10-07T10:00:00,Meta,CAMP-009,Landing Page
SES-102227,2026-10-07T10:01:00,Meta,CAMP-009,Product View
SES-102227,2026-10-07T10:03:00,Meta,CAMP-009,Add to Cart
SES-102228,2026-10-07T10:00:00,Meta,CAMP-009,Landing Page
SES-102228,2026-10-07T10:01:00,Meta,CAMP-009,Product View
SES-102228,2026-10-07T10:03:00,Meta,CAMP-009,Add to Cart
SES-102229,2026-10-07T10:00:00,Meta,CAMP-009,Landing Page
SES-102229,2026-10-07T10:01:00,Meta,CAMP-009,Product View
SES-102230,2026-10-07T10:00:00,Meta,CAMP-009,Landing Page
SES-102230,2026-10-07T10:01:00,Meta,CAMP-009,Product View
SES-102231,2026-10-07T10:00:00,Meta,CAMP-009,Landing Page
SES-102232,2026-10-07T10:00:00,Meta,CAMP-009,Landing Page
SES-102233,2026-10-07T10:00:00,Meta,CAMP-009,Landing Page
SES-102234,2026-10-07T10:00:00,Meta,CAMP-009,Landing Page
SES-102234,2026-10-07T10:01:00,Meta,CAMP-009,Product View
SES-102235,2026-10-07T10:00:00,Meta,CAMP-009,Landing Page
SES-102235,2026-10-07T10:01:00,Meta,CAMP-009,Product View
SES-102235,2026-10-07T10:03:00,Meta,CAMP-009,Add to Cart
SES-102235,2026-10-07T10:05:00,Meta,CAMP-009,Purchase
SES-102236,2026-10-07T10:00:00,Meta,CAMP-009,Landing Page
SES-102236,2026-10-07T10:01:00,Meta,CAMP-009,Product View
SES-102237,2026-10-07T10:00:00,Meta,CAMP-009,Landing Page
SES-102237,2026-10-07T10:01:00,Meta,CAMP-009,Product View
SES-102237,2026-10-07T10:03:00,Meta,CAMP-009,Add to Cart
SES-102238,2026-10-07T10:00:00,Meta,CAMP-009,Landing Page
SES-102239,2026-10-07T10:00:00,Meta,CAMP-009,Landing Page
SES-102240,2026-10-07T10:00:00,Meta,CAMP-009,Landing Page
SES-102240,2026-10-07T10:01:00,Meta,CAMP-009,Product View
SES-102240,2026-10-07T10:03:00,Meta,CAMP-009,Add to Cart
SES-102240,2026-10-07T10:05:00,Meta,CAMP-009,Purchase
SES-102241,2026-10-07T10:00:00,Meta,CAMP-009,Landing Page
SES-102242,2026-10-07T10:00:00,Meta,CAMP-009,Landing Page
SES-102242,2026-10-07T10:01:00,Meta,CAMP-009,Product View
SES-102243,2026-10-07T10:00:00,Meta,CAMP-009,Landing Page
SES-102243,2026-10-07T10:01:00,Meta,CAMP-009,Product View
SES-102244,2026-10-07T10:00:00,Meta,CAMP-009,Landing Page
SES-102244,2026-10-07T10:01:00,Meta,CAMP-009,Product View
SES-102245,2026-10-07T10:00:00,Meta,CAMP-009,Landing Page
SES-102245,2026-10-07T10:01:00,Meta,CAMP-009,Product View
SES-102246,2026-10-07T10:00:00,Meta,CAMP-009,Landing Page
SES-102247,2026-10-07T10:00:00,Meta,CAMP-009,Landing Page
SES-102247,2026-10-07T10:01:00,Meta,CAMP-009,Product View
SES-102248,2026-10-07T10:00:00,Meta,CAMP-009,Landing Page
SES-102248,2026-10-07T10:01:00,Meta,CAMP-009,Product View
SES-102248,2026-10-07T10:03:00,Meta,CAMP-009,Add to Cart
SES-102249,2026-10-07T10:00:00,Meta,CAMP-009,Landing Page
SES-102250,2026-10-03T10:00:00,Google,CAMP-010,Landing Page
SES-102250,2026-10-03T10:01:00,Google,CAMP-010,Product View
SES-102251,2026-10-03T10:00:00,Google,CAMP-010,Landing Page
SES-102252,2026-10-03T10:00:00,Google,CAMP-010,Landing Page
SES-102253,2026-10-03T10:00:00,Google,CAMP-010,Landing Page
SES-102253,2026-10-03T10:01:00,Google,CAMP-010,Product View
SES-102254,2026-10-03T10:00:00,Google,CAMP-010,Landing Page
SES-102254,2026-10-03T10:01:00,Google,CAMP-010,Product View
SES-102254,2026-10-03T10:03:00,Google,CAMP-010,Add to Cart
SES-102255,2026-10-03T10:00:00,Google,CAMP-010,Landing Page
SES-102256,2026-10-03T10:00:00,Google,CAMP-010,Landing Page
SES-102256,2026-10-03T10:01:00,Google,CAMP-010,Product View
SES-102257,2026-10-03T10:00:00,Google,CAMP-010,Landing Page
SES-102258,2026-10-03T10:00:00,Google,CAMP-010,Landing Page
SES-102258,2026-10-03T10:01:00,Google,CAMP-010,Product View
SES-102259,2026-10-03T10:00:00,Google,CAMP-010,Landing Page
SES-102259,2026-10-03T10:01:00,Google,CAMP-010,Product View
SES-102260,2026-10-03T10:00:00,Google,CAMP-010,Landing Page
SES-102261,2026-10-03T10:00:00,Google,CAMP-010,Landing Page
SES-102262,2026-10-03T10:00:00,Google,CAMP-010,Landing Page
SES-102262,2026-10-03T10:01:00,Google,CAMP-010,Product View
SES-102263,2026-10-03T10:00:00,Google,CAMP-010,Landing Page
SES-102263,2026-10-03T10:01:00,Google,CAMP-010,Product View
SES-102263,2026-10-03T10:03:00,Google,CAMP-010,Add to Cart
SES-102263,2026-10-03T10:05:00,Google,CAMP-010,Purchase
SES-102264,2026-10-03T10:00:00,Google,CAMP-010,Landing Page
SES-102265,2026-10-03T10:00:00,Google,CAMP-010,Landing Page
SES-102265,2026-10-03T10:01:00,Google,CAMP-010,Product View
SES-102266,2026-10-03T10:00:00,Google,CAMP-010,Landing Page
SES-102266,2026-10-03T10:01:00,Google,CAMP-010,Product View
SES-102267,2026-10-03T10:00:00,Google,CAMP-010,Landing Page
SES-102268,2026-10-03T10:00:00,Google,CAMP-010,Landing Page
SES-102269,2026-10-03T10:00:00,Google,CAMP-010,Landing Page
SES-102269,2026-10-03T10:01:00,Google,CAMP-010,Product View
SES-102270,2026-10-03T10:00:00,Google,CAMP-010,Landing Page
SES-102271,2026-10-03T10:00:00,Google,CAMP-010,Landing Page
SES-102272,2026-10-03T10:00:00,Google,CAMP-010,Landing Page
SES-102272,2026-10-03T10:01:00,Google,CAMP-010,Product View
SES-102273,2026-10-03T10:00:00,Google,CAMP-010,Landing Page
SES-102274,2026-10-03T10:00:00,Google,CAMP-010,Landing Page
SES-102275,2026-10-03T10:00:00,Google,CAMP-010,Landing Page
SES-102275,2026-10-03T10:01:00,Google,CAMP-010,Product View
SES-102275,2026-10-03T10:03:00,Google,CAMP-010,Add to Cart
SES-102276,2026-10-03T10:00:00,Google,CAMP-010,Landing Page
SES-102276,2026-10-03T10:01:00,Google,CAMP-010,Product View
SES-102277,2026-10-03T10:00:00,Google,CAMP-010,Landing Page
SES-102277,2026-10-03T10:01:00,Google,CAMP-010,Product View
SES-102278,2026-10-03T10:00:00,Google,CAMP-010,Landing Page
SES-102279,2026-10-03T10:00:00,Google,CAMP-010,Landing Page
SES-102279,2026-10-03T10:01:00,Google,CAMP-010,Product View
SES-102280,2026-10-03T10:00:00,Google,CAMP-010,Landing Page
SES-102280,2026-10-03T10:01:00,Google,CAMP-010,Product View
SES-102281,2026-10-03T10:00:00,Google,CAMP-010,Landing Page
SES-102282,2026-10-03T10:00:00,Google,CAMP-010,Landing Page
SES-102283,2026-10-03T10:00:00,Google,CAMP-010,Landing Page
SES-102284,2026-10-03T10:00:00,Google,CAMP-010,Landing Page
SES-102284,2026-10-03T10:01:00,Google,CAMP-010,Product View
SES-102285,2026-10-03T10:00:00,Google,CAMP-010,Landing Page
SES-102286,2026-10-03T10:00:00,Google,CAMP-010,Landing Page
SES-102287,2026-10-03T10:00:00,Google,CAMP-010,Landing Page
SES-102287,2026-10-03T10:01:00,Google,CAMP-010,Product View
SES-102288,2026-10-03T10:00:00,Google,CAMP-010,Landing Page
SES-102289,2026-10-03T10:00:00,Google,CAMP-010,Landing Page
SES-102289,2026-10-03T10:01:00,Google,CAMP-010,Product View
SES-102290,2026-10-03T10:00:00,Google,CAMP-010,Landing Page
SES-102291,2026-10-03T10:00:00,Google,CAMP-010,Landing Page
SES-102291,2026-10-03T10:01:00,Google,CAMP-010,Product View
SES-102292,2026-10-03T10:00:00,Google,CAMP-010,Landing Page
SES-102292,2026-10-03T10:01:00,Google,CAMP-010,Product View
SES-102293,2026-10-03T10:00:00,Google,CAMP-010,Landing Page
SES-102293,2026-10-03T10:01:00,Google,CAMP-010,Product View
SES-102294,2026-10-03T10:00:00,Google,CAMP-010,Landing Page
SES-102294,2026-10-03T10:01:00,Google,CAMP-010,Product View
SES-102295,2026-10-03T10:00:00,Google,CAMP-010,Landing Page
SES-102295,2026-10-03T10:01:00,Google,CAMP-010,Product View
SES-102295,2026-10-03T10:03:00,Google,CAMP-010,Add to Cart
SES-102296,2026-10-03T10:00:00,Google,CAMP-010,Landing Page
SES-102297,2026-10-03T10:00:00,Google,CAMP-010,Landing Page
SES-102297,2026-10-03T10:01:00,Google,CAMP-010,Product View
SES-102298,2026-10-03T10:00:00,Google,CAMP-010,Landing Page
SES-102298,2026-10-03T10:01:00,Google,CAMP-010,Product View
SES-102298,2026-10-03T10:03:00,Google,CAMP-010,Add to Cart
SES-102299,2026-10-03T10:00:00,Google,CAMP-010,Landing Page
SES-102299,2026-10-03T10:01:00,Google,CAMP-010,Product View
SES-102300,2026-10-04T10:00:00,Google,CAMP-010,Landing Page
SES-102300,2026-10-04T10:01:00,Google,CAMP-010,Product View
SES-102300,2026-10-04T10:03:00,Google,CAMP-010,Add to Cart
SES-102300,2026-10-04T10:05:00,Google,CAMP-010,Purchase
SES-102301,2026-10-04T10:00:00,Google,CAMP-010,Landing Page
SES-102301,2026-10-04T10:01:00,Google,CAMP-010,Product View
SES-102302,2026-10-04T10:00:00,Google,CAMP-010,Landing Page
SES-102302,2026-10-04T10:01:00,Google,CAMP-010,Product View
SES-102303,2026-10-04T10:00:00,Google,CAMP-010,Landing Page
SES-102303,2026-10-04T10:01:00,Google,CAMP-010,Product View
SES-102303,2026-10-04T10:03:00,Google,CAMP-010,Add to Cart
SES-102303,2026-10-04T10:05:00,Google,CAMP-010,Purchase
SES-102304,2026-10-04T10:00:00,Google,CAMP-010,Landing Page
SES-102304,2026-10-04T10:01:00,Google,CAMP-010,Product View
SES-102304,2026-10-04T10:03:00,Google,CAMP-010,Add to Cart
SES-102305,2026-10-04T10:00:00,Google,CAMP-010,Landing Page
SES-102306,2026-10-04T10:00:00,Google,CAMP-010,Landing Page
SES-102307,2026-10-04T10:00:00,Google,CAMP-010,Landing Page
SES-102308,2026-10-04T10:00:00,Google,CAMP-010,Landing Page
SES-102308,2026-10-04T10:01:00,Google,CAMP-010,Product View
SES-102309,2026-10-04T10:00:00,Google,CAMP-010,Landing Page
SES-102310,2026-10-04T10:00:00,Google,CAMP-010,Landing Page
SES-102311,2026-10-04T10:00:00,Google,CAMP-010,Landing Page
SES-102311,2026-10-04T10:01:00,Google,CAMP-010,Product View
SES-102312,2026-10-04T10:00:00,Google,CAMP-010,Landing Page
SES-102312,2026-10-04T10:01:00,Google,CAMP-010,Product View
SES-102313,2026-10-04T10:00:00,Google,CAMP-010,Landing Page
SES-102314,2026-10-04T10:00:00,Google,CAMP-010,Landing Page
SES-102314,2026-10-04T10:01:00,Google,CAMP-010,Product View
SES-102314,2026-10-04T10:03:00,Google,CAMP-010,Add to Cart
SES-102315,2026-10-04T10:00:00,Google,CAMP-010,Landing Page
SES-102315,2026-10-04T10:01:00,Google,CAMP-010,Product View
SES-102316,2026-10-04T10:00:00,Google,CAMP-010,Landing Page
SES-102317,2026-10-04T10:00:00,Google,CAMP-010,Landing Page
SES-102317,2026-10-04T10:01:00,Google,CAMP-010,Product View
SES-102318,2026-10-04T10:00:00,Google,CAMP-010,Landing Page
SES-102318,2026-10-04T10:01:00,Google,CAMP-010,Product View
SES-102319,2026-10-04T10:00:00,Google,CAMP-010,Landing Page
SES-102320,2026-10-04T10:00:00,Google,CAMP-010,Landing Page
SES-102320,2026-10-04T10:01:00,Google,CAMP-010,Product View
SES-102321,2026-10-04T10:00:00,Google,CAMP-010,Landing Page
SES-102321,2026-10-04T10:01:00,Google,CAMP-010,Product View
SES-102322,2026-10-04T10:00:00,Google,CAMP-010,Landing Page
SES-102322,2026-10-04T10:01:00,Google,CAMP-010,Product View
SES-102323,2026-10-04T10:00:00,Google,CAMP-010,Landing Page
SES-102324,2026-10-04T10:00:00,Google,CAMP-010,Landing Page
SES-102324,2026-10-04T10:01:00,Google,CAMP-010,Product View
SES-102325,2026-10-04T10:00:00,Google,CAMP-010,Landing Page
SES-102326,2026-10-04T10:00:00,Google,CAMP-010,Landing Page
SES-102326,2026-10-04T10:01:00,Google,CAMP-010,Product View
SES-102326,2026-10-04T10:03:00,Google,CAMP-010,Add to Cart
SES-102326,2026-10-04T10:05:00,Google,CAMP-010,Purchase
SES-102327,2026-10-04T10:00:00,Google,CAMP-010,Landing Page
SES-102327,2026-10-04T10:01:00,Google,CAMP-010,Product View
SES-102327,2026-10-04T10:03:00,Google,CAMP-010,Add to Cart
SES-102328,2026-10-04T10:00:00,Google,CAMP-010,Landing Page
SES-102328,2026-10-04T10:01:00,Google,CAMP-010,Product View
SES-102329,2026-10-04T10:00:00,Google,CAMP-010,Landing Page
SES-102329,2026-10-04T10:01:00,Google,CAMP-010,Product View
SES-102329,2026-10-04T10:03:00,Google,CAMP-010,Add to Cart
SES-102329,2026-10-04T10:05:00,Google,CAMP-010,Purchase
SES-102330,2026-10-04T10:00:00,Google,CAMP-010,Landing Page
SES-102330,2026-10-04T10:01:00,Google,CAMP-010,Product View
SES-102330,2026-10-04T10:03:00,Google,CAMP-010,Add to Cart
SES-102331,2026-10-04T10:00:00,Google,CAMP-010,Landing Page
SES-102332,2026-10-04T10:00:00,Google,CAMP-010,Landing Page
SES-102332,2026-10-04T10:01:00,Google,CAMP-010,Product View
SES-102333,2026-10-04T10:00:00,Google,CAMP-010,Landing Page
SES-102333,2026-10-04T10:01:00,Google,CAMP-010,Product View
SES-102333,2026-10-04T10:03:00,Google,CAMP-010,Add to Cart
SES-102334,2026-10-04T10:00:00,Google,CAMP-010,Landing Page
SES-102335,2026-10-04T10:00:00,Google,CAMP-010,Landing Page
SES-102336,2026-10-04T10:00:00,Google,CAMP-010,Landing Page
SES-102336,2026-10-04T10:01:00,Google,CAMP-010,Product View
SES-102337,2026-10-04T10:00:00,Google,CAMP-010,Landing Page
SES-102338,2026-10-04T10:00:00,Google,CAMP-010,Landing Page
SES-102338,2026-10-04T10:01:00,Google,CAMP-010,Product View
SES-102339,2026-10-04T10:00:00,Google,CAMP-010,Landing Page
SES-102340,2026-10-04T10:00:00,Google,CAMP-010,Landing Page
SES-102341,2026-10-04T10:00:00,Google,CAMP-010,Landing Page
SES-102342,2026-10-04T10:00:00,Google,CAMP-010,Landing Page
SES-102342,2026-10-04T10:01:00,Google,CAMP-010,Product View
SES-102343,2026-10-04T10:00:00,Google,CAMP-010,Landing Page
SES-102343,2026-10-04T10:01:00,Google,CAMP-010,Product View
SES-102344,2026-10-04T10:00:00,Google,CAMP-010,Landing Page
SES-102344,2026-10-04T10:01:00,Google,CAMP-010,Product View
SES-102345,2026-10-04T10:00:00,Google,CAMP-010,Landing Page
SES-102345,2026-10-04T10:01:00,Google,CAMP-010,Product View
SES-102346,2026-10-04T10:00:00,Google,CAMP-010,Landing Page
SES-102346,2026-10-04T10:01:00,Google,CAMP-010,Product View
SES-102347,2026-10-04T10:00:00,Google,CAMP-010,Landing Page
SES-102348,2026-10-04T10:00:00,Google,CAMP-010,Landing Page
SES-102348,2026-10-04T10:01:00,Google,CAMP-010,Product View
SES-102349,2026-10-04T10:00:00,Google,CAMP-010,Landing Page
SES-102349,2026-10-04T10:01:00,Google,CAMP-010,Product View
SES-102350,2026-10-05T10:00:00,Google,CAMP-010,Landing Page
SES-102350,2026-10-05T10:01:00,Google,CAMP-010,Product View
SES-102350,2026-10-05T10:03:00,Google,CAMP-010,Add to Cart
SES-102350,2026-10-05T10:05:00,Google,CAMP-010,Purchase
SES-102351,2026-10-05T10:00:00,Google,CAMP-010,Landing Page
SES-102352,2026-10-05T10:00:00,Google,CAMP-010,Landing Page
SES-102353,2026-10-05T10:00:00,Google,CAMP-010,Landing Page
SES-102354,2026-10-05T10:00:00,Google,CAMP-010,Landing Page
SES-102354,2026-10-05T10:01:00,Google,CAMP-010,Product View
SES-102355,2026-10-05T10:00:00,Google,CAMP-010,Landing Page
SES-102355,2026-10-05T10:01:00,Google,CAMP-010,Product View
SES-102356,2026-10-05T10:00:00,Google,CAMP-010,Landing Page
SES-102356,2026-10-05T10:01:00,Google,CAMP-010,Product View
SES-102356,2026-10-05T10:03:00,Google,CAMP-010,Add to Cart
SES-102357,2026-10-05T10:00:00,Google,CAMP-010,Landing Page
SES-102357,2026-10-05T10:01:00,Google,CAMP-010,Product View
SES-102358,2026-10-05T10:00:00,Google,CAMP-010,Landing Page
SES-102359,2026-10-05T10:00:00,Google,CAMP-010,Landing Page
SES-102359,2026-10-05T10:01:00,Google,CAMP-010,Product View
SES-102360,2026-10-05T10:00:00,Google,CAMP-010,Landing Page
SES-102360,2026-10-05T10:01:00,Google,CAMP-010,Product View
SES-102360,2026-10-05T10:03:00,Google,CAMP-010,Add to Cart
SES-102361,2026-10-05T10:00:00,Google,CAMP-010,Landing Page
SES-102361,2026-10-05T10:01:00,Google,CAMP-010,Product View
SES-102361,2026-10-05T10:03:00,Google,CAMP-010,Add to Cart
SES-102361,2026-10-05T10:05:00,Google,CAMP-010,Purchase
SES-102362,2026-10-05T10:00:00,Google,CAMP-010,Landing Page
SES-102362,2026-10-05T10:01:00,Google,CAMP-010,Product View
SES-102362,2026-10-05T10:03:00,Google,CAMP-010,Add to Cart
SES-102363,2026-10-05T10:00:00,Google,CAMP-010,Landing Page
SES-102363,2026-10-05T10:01:00,Google,CAMP-010,Product View
SES-102364,2026-10-05T10:00:00,Google,CAMP-010,Landing Page
SES-102364,2026-10-05T10:01:00,Google,CAMP-010,Product View
SES-102364,2026-10-05T10:03:00,Google,CAMP-010,Add to Cart
SES-102365,2026-10-05T10:00:00,Google,CAMP-010,Landing Page
SES-102366,2026-10-05T10:00:00,Google,CAMP-010,Landing Page
SES-102367,2026-10-05T10:00:00,Google,CAMP-010,Landing Page
SES-102367,2026-10-05T10:01:00,Google,CAMP-010,Product View
SES-102368,2026-10-05T10:00:00,Google,CAMP-010,Landing Page
SES-102369,2026-10-05T10:00:00,Google,CAMP-010,Landing Page
SES-102369,2026-10-05T10:01:00,Google,CAMP-010,Product View
SES-102370,2026-10-05T10:00:00,Google,CAMP-010,Landing Page
SES-102370,2026-10-05T10:01:00,Google,CAMP-010,Product View
SES-102371,2026-10-05T10:00:00,Google,CAMP-010,Landing Page
SES-102371,2026-10-05T10:01:00,Google,CAMP-010,Product View
SES-102372,2026-10-05T10:00:00,Google,CAMP-010,Landing Page
SES-102372,2026-10-05T10:01:00,Google,CAMP-010,Product View
SES-102373,2026-10-05T10:00:00,Google,CAMP-010,Landing Page
SES-102373,2026-10-05T10:01:00,Google,CAMP-010,Product View
SES-102374,2026-10-05T10:00:00,Google,CAMP-010,Landing Page
SES-102375,2026-10-05T10:00:00,Google,CAMP-010,Landing Page
SES-102375,2026-10-05T10:01:00,Google,CAMP-010,Product View
SES-102376,2026-10-05T10:00:00,Google,CAMP-010,Landing Page
SES-102377,2026-10-05T10:00:00,Google,CAMP-010,Landing Page
SES-102377,2026-10-05T10:01:00,Google,CAMP-010,Product View
SES-102378,2026-10-05T10:00:00,Google,CAMP-010,Landing Page
SES-102378,2026-10-05T10:01:00,Google,CAMP-010,Product View
SES-102379,2026-10-05T10:00:00,Google,CAMP-010,Landing Page
SES-102380,2026-10-05T10:00:00,Google,CAMP-010,Landing Page
SES-102380,2026-10-05T10:01:00,Google,CAMP-010,Product View
SES-102381,2026-10-05T10:00:00,Google,CAMP-010,Landing Page
SES-102381,2026-10-05T10:01:00,Google,CAMP-010,Product View
SES-102382,2026-10-05T10:00:00,Google,CAMP-010,Landing Page
SES-102382,2026-10-05T10:01:00,Google,CAMP-010,Product View
SES-102383,2026-10-05T10:00:00,Google,CAMP-010,Landing Page
SES-102383,2026-10-05T10:01:00,Google,CAMP-010,Product View
SES-102384,2026-10-05T10:00:00,Google,CAMP-010,Landing Page
SES-102384,2026-10-05T10:01:00,Google,CAMP-010,Product View
SES-102385,2026-10-05T10:00:00,Google,CAMP-010,Landing Page
SES-102385,2026-10-05T10:01:00,Google,CAMP-010,Product View
SES-102386,2026-10-05T10:00:00,Google,CAMP-010,Landing Page
SES-102387,2026-10-05T10:00:00,Google,CAMP-010,Landing Page
SES-102387,2026-10-05T10:01:00,Google,CAMP-010,Product View
SES-102387,2026-10-05T10:03:00,Google,CAMP-010,Add to Cart
SES-102387,2026-10-05T10:05:00,Google,CAMP-010,Purchase
SES-102388,2026-10-05T10:00:00,Google,CAMP-010,Landing Page
SES-102388,2026-10-05T10:01:00,Google,CAMP-010,Product View
SES-102389,2026-10-05T10:00:00,Google,CAMP-010,Landing Page
SES-102390,2026-10-05T10:00:00,Google,CAMP-010,Landing Page
SES-102390,2026-10-05T10:01:00,Google,CAMP-010,Product View
SES-102391,2026-10-05T10:00:00,Google,CAMP-010,Landing Page
SES-102391,2026-10-05T10:01:00,Google,CAMP-010,Product View
SES-102391,2026-10-05T10:03:00,Google,CAMP-010,Add to Cart
SES-102392,2026-10-05T10:00:00,Google,CAMP-010,Landing Page
SES-102392,2026-10-05T10:01:00,Google,CAMP-010,Product View
SES-102393,2026-10-05T10:00:00,Google,CAMP-010,Landing Page
SES-102393,2026-10-05T10:01:00,Google,CAMP-010,Product View
SES-102394,2026-10-05T10:00:00,Google,CAMP-010,Landing Page
SES-102395,2026-10-05T10:00:00,Google,CAMP-010,Landing Page
SES-102396,2026-10-05T10:00:00,Google,CAMP-010,Landing Page
SES-102397,2026-10-05T10:00:00,Google,CAMP-010,Landing Page
SES-102397,2026-10-05T10:01:00,Google,CAMP-010,Product View
SES-102397,2026-10-05T10:03:00,Google,CAMP-010,Add to Cart
SES-102397,2026-10-05T10:05:00,Google,CAMP-010,Purchase
SES-102398,2026-10-05T10:00:00,Google,CAMP-010,Landing Page
SES-102398,2026-10-05T10:01:00,Google,CAMP-010,Product View
SES-102399,2026-10-05T10:00:00,Google,CAMP-010,Landing Page
SES-102400,2026-10-06T10:00:00,Google,CAMP-010,Landing Page
SES-102400,2026-10-06T10:01:00,Google,CAMP-010,Product View
SES-102401,2026-10-06T10:00:00,Google,CAMP-010,Landing Page
SES-102402,2026-10-06T10:00:00,Google,CAMP-010,Landing Page
SES-102403,2026-10-06T10:00:00,Google,CAMP-010,Landing Page
SES-102404,2026-10-06T10:00:00,Google,CAMP-010,Landing Page
SES-102405,2026-10-06T10:00:00,Google,CAMP-010,Landing Page
SES-102405,2026-10-06T10:01:00,Google,CAMP-010,Product View
SES-102406,2026-10-06T10:00:00,Google,CAMP-010,Landing Page
SES-102407,2026-10-06T10:00:00,Google,CAMP-010,Landing Page
SES-102407,2026-10-06T10:01:00,Google,CAMP-010,Product View
SES-102407,2026-10-06T10:03:00,Google,CAMP-010,Add to Cart
SES-102408,2026-10-06T10:00:00,Google,CAMP-010,Landing Page
SES-102408,2026-10-06T10:01:00,Google,CAMP-010,Product View
SES-102409,2026-10-06T10:00:00,Google,CAMP-010,Landing Page
SES-102409,2026-10-06T10:01:00,Google,CAMP-010,Product View
SES-102410,2026-10-06T10:00:00,Google,CAMP-010,Landing Page
SES-102410,2026-10-06T10:01:00,Google,CAMP-010,Product View
SES-102411,2026-10-06T10:00:00,Google,CAMP-010,Landing Page
SES-102411,2026-10-06T10:01:00,Google,CAMP-010,Product View
SES-102411,2026-10-06T10:03:00,Google,CAMP-010,Add to Cart
SES-102412,2026-10-06T10:00:00,Google,CAMP-010,Landing Page
SES-102412,2026-10-06T10:01:00,Google,CAMP-010,Product View
SES-102413,2026-10-06T10:00:00,Google,CAMP-010,Landing Page
SES-102413,2026-10-06T10:01:00,Google,CAMP-010,Product View
SES-102414,2026-10-06T10:00:00,Google,CAMP-010,Landing Page
SES-102414,2026-10-06T10:01:00,Google,CAMP-010,Product View
SES-102415,2026-10-06T10:00:00,Google,CAMP-010,Landing Page
SES-102416,2026-10-06T10:00:00,Google,CAMP-010,Landing Page
SES-102417,2026-10-06T10:00:00,Google,CAMP-010,Landing Page
SES-102417,2026-10-06T10:01:00,Google,CAMP-010,Product View
SES-102418,2026-10-06T10:00:00,Google,CAMP-010,Landing Page
SES-102418,2026-10-06T10:01:00,Google,CAMP-010,Product View
SES-102419,2026-10-06T10:00:00,Google,CAMP-010,Landing Page
SES-102419,2026-10-06T10:01:00,Google,CAMP-010,Product View
SES-102420,2026-10-06T10:00:00,Google,CAMP-010,Landing Page
SES-102420,2026-10-06T10:01:00,Google,CAMP-010,Product View
SES-102420,2026-10-06T10:03:00,Google,CAMP-010,Add to Cart
SES-102421,2026-10-06T10:00:00,Google,CAMP-010,Landing Page
SES-102422,2026-10-06T10:00:00,Google,CAMP-010,Landing Page
SES-102423,2026-10-06T10:00:00,Google,CAMP-010,Landing Page
SES-102423,2026-10-06T10:01:00,Google,CAMP-010,Product View
SES-102423,2026-10-06T10:03:00,Google,CAMP-010,Add to Cart
SES-102424,2026-10-06T10:00:00,Google,CAMP-010,Landing Page
SES-102424,2026-10-06T10:01:00,Google,CAMP-010,Product View
SES-102424,2026-10-06T10:03:00,Google,CAMP-010,Add to Cart
SES-102424,2026-10-06T10:05:00,Google,CAMP-010,Purchase
SES-102425,2026-10-06T10:00:00,Google,CAMP-010,Landing Page
SES-102426,2026-10-06T10:00:00,Google,CAMP-010,Landing Page
SES-102426,2026-10-06T10:01:00,Google,CAMP-010,Product View
SES-102427,2026-10-06T10:00:00,Google,CAMP-010,Landing Page
SES-102427,2026-10-06T10:01:00,Google,CAMP-010,Product View
SES-102427,2026-10-06T10:03:00,Google,CAMP-010,Add to Cart
SES-102428,2026-10-06T10:00:00,Google,CAMP-010,Landing Page
SES-102428,2026-10-06T10:01:00,Google,CAMP-010,Product View
SES-102429,2026-10-06T10:00:00,Google,CAMP-010,Landing Page
SES-102430,2026-10-06T10:00:00,Google,CAMP-010,Landing Page
SES-102430,2026-10-06T10:01:00,Google,CAMP-010,Product View
SES-102431,2026-10-06T10:00:00,Google,CAMP-010,Landing Page
SES-102432,2026-10-06T10:00:00,Google,CAMP-010,Landing Page
SES-102432,2026-10-06T10:01:00,Google,CAMP-010,Product View
SES-102433,2026-10-06T10:00:00,Google,CAMP-010,Landing Page
SES-102434,2026-10-06T10:00:00,Google,CAMP-010,Landing Page
SES-102434,2026-10-06T10:01:00,Google,CAMP-010,Product View
SES-102434,2026-10-06T10:03:00,Google,CAMP-010,Add to Cart
SES-102435,2026-10-06T10:00:00,Google,CAMP-010,Landing Page
SES-102435,2026-10-06T10:01:00,Google,CAMP-010,Product View
SES-102436,2026-10-06T10:00:00,Google,CAMP-010,Landing Page
SES-102437,2026-10-06T10:00:00,Google,CAMP-010,Landing Page
SES-102438,2026-10-06T10:00:00,Google,CAMP-010,Landing Page
SES-102438,2026-10-06T10:01:00,Google,CAMP-010,Product View
SES-102438,2026-10-06T10:03:00,Google,CAMP-010,Add to Cart
SES-102439,2026-10-06T10:00:00,Google,CAMP-010,Landing Page
SES-102439,2026-10-06T10:01:00,Google,CAMP-010,Product View
SES-102440,2026-10-06T10:00:00,Google,CAMP-010,Landing Page
SES-102441,2026-10-06T10:00:00,Google,CAMP-010,Landing Page
SES-102442,2026-10-06T10:00:00,Google,CAMP-010,Landing Page
SES-102443,2026-10-06T10:00:00,Google,CAMP-010,Landing Page
SES-102443,2026-10-06T10:01:00,Google,CAMP-010,Product View
SES-102443,2026-10-06T10:03:00,Google,CAMP-010,Add to Cart
SES-102444,2026-10-06T10:00:00,Google,CAMP-010,Landing Page
SES-102445,2026-10-06T10:00:00,Google,CAMP-010,Landing Page
SES-102445,2026-10-06T10:01:00,Google,CAMP-010,Product View
SES-102445,2026-10-06T10:03:00,Google,CAMP-010,Add to Cart
SES-102446,2026-10-06T10:00:00,Google,CAMP-010,Landing Page
SES-102446,2026-10-06T10:01:00,Google,CAMP-010,Product View
SES-102446,2026-10-06T10:03:00,Google,CAMP-010,Add to Cart
SES-102447,2026-10-06T10:00:00,Google,CAMP-010,Landing Page
SES-102447,2026-10-06T10:01:00,Google,CAMP-010,Product View
SES-102447,2026-10-06T10:03:00,Google,CAMP-010,Add to Cart
SES-102448,2026-10-06T10:00:00,Google,CAMP-010,Landing Page
SES-102449,2026-10-06T10:00:00,Google,CAMP-010,Landing Page
SES-102449,2026-10-06T10:01:00,Google,CAMP-010,Product View
SES-102450,2026-10-07T10:00:00,Google,CAMP-010,Landing Page
SES-102451,2026-10-07T10:00:00,Google,CAMP-010,Landing Page
SES-102451,2026-10-07T10:01:00,Google,CAMP-010,Product View
SES-102451,2026-10-07T10:03:00,Google,CAMP-010,Add to Cart
SES-102451,2026-10-07T10:05:00,Google,CAMP-010,Purchase
SES-102452,2026-10-07T10:00:00,Google,CAMP-010,Landing Page
SES-102452,2026-10-07T10:01:00,Google,CAMP-010,Product View
SES-102453,2026-10-07T10:00:00,Google,CAMP-010,Landing Page
SES-102454,2026-10-07T10:00:00,Google,CAMP-010,Landing Page
SES-102455,2026-10-07T10:00:00,Google,CAMP-010,Landing Page
SES-102456,2026-10-07T10:00:00,Google,CAMP-010,Landing Page
SES-102456,2026-10-07T10:01:00,Google,CAMP-010,Product View
SES-102457,2026-10-07T10:00:00,Google,CAMP-010,Landing Page
SES-102458,2026-10-07T10:00:00,Google,CAMP-010,Landing Page
SES-102458,2026-10-07T10:01:00,Google,CAMP-010,Product View
SES-102458,2026-10-07T10:03:00,Google,CAMP-010,Add to Cart
SES-102459,2026-10-07T10:00:00,Google,CAMP-010,Landing Page
SES-102459,2026-10-07T10:01:00,Google,CAMP-010,Product View
SES-102459,2026-10-07T10:03:00,Google,CAMP-010,Add to Cart
SES-102460,2026-10-07T10:00:00,Google,CAMP-010,Landing Page
SES-102461,2026-10-07T10:00:00,Google,CAMP-010,Landing Page
SES-102462,2026-10-07T10:00:00,Google,CAMP-010,Landing Page
SES-102462,2026-10-07T10:01:00,Google,CAMP-010,Product View
SES-102462,2026-10-07T10:03:00,Google,CAMP-010,Add to Cart
SES-102463,2026-10-07T10:00:00,Google,CAMP-010,Landing Page
SES-102464,2026-10-07T10:00:00,Google,CAMP-010,Landing Page
SES-102464,2026-10-07T10:01:00,Google,CAMP-010,Product View
SES-102465,2026-10-07T10:00:00,Google,CAMP-010,Landing Page
SES-102465,2026-10-07T10:01:00,Google,CAMP-010,Product View
SES-102466,2026-10-07T10:00:00,Google,CAMP-010,Landing Page
SES-102467,2026-10-07T10:00:00,Google,CAMP-010,Landing Page
SES-102468,2026-10-07T10:00:00,Google,CAMP-010,Landing Page
SES-102469,2026-10-07T10:00:00,Google,CAMP-010,Landing Page
SES-102469,2026-10-07T10:01:00,Google,CAMP-010,Product View
SES-102470,2026-10-07T10:00:00,Google,CAMP-010,Landing Page
SES-102470,2026-10-07T10:01:00,Google,CAMP-010,Product View
SES-102470,2026-10-07T10:03:00,Google,CAMP-010,Add to Cart
SES-102470,2026-10-07T10:05:00,Google,CAMP-010,Purchase
SES-102471,2026-10-07T10:00:00,Google,CAMP-010,Landing Page
SES-102471,2026-10-07T10:01:00,Google,CAMP-010,Product View
SES-102472,2026-10-07T10:00:00,Google,CAMP-010,Landing Page
SES-102473,2026-10-07T10:00:00,Google,CAMP-010,Landing Page
SES-102474,2026-10-07T10:00:00,Google,CAMP-010,Landing Page
SES-102475,2026-10-07T10:00:00,Google,CAMP-010,Landing Page
SES-102475,2026-10-07T10:01:00,Google,CAMP-010,Product View
SES-102476,2026-10-07T10:00:00,Google,CAMP-010,Landing Page
SES-102476,2026-10-07T10:01:00,Google,CAMP-010,Product View
SES-102477,2026-10-07T10:00:00,Google,CAMP-010,Landing Page
SES-102478,2026-10-07T10:00:00,Google,CAMP-010,Landing Page
SES-102479,2026-10-07T10:00:00,Google,CAMP-010,Landing Page
SES-102479,2026-10-07T10:01:00,Google,CAMP-010,Product View
SES-102480,2026-10-07T10:00:00,Google,CAMP-010,Landing Page
SES-102480,2026-10-07T10:01:00,Google,CAMP-010,Product View
SES-102481,2026-10-07T10:00:00,Google,CAMP-010,Landing Page
SES-102481,2026-10-07T10:01:00,Google,CAMP-010,Product View
SES-102482,2026-10-07T10:00:00,Google,CAMP-010,Landing Page
SES-102482,2026-10-07T10:01:00,Google,CAMP-010,Product View
SES-102483,2026-10-07T10:00:00,Google,CAMP-010,Landing Page
SES-102483,2026-10-07T10:01:00,Google,CAMP-010,Product View
SES-102484,2026-10-07T10:00:00,Google,CAMP-010,Landing Page
SES-102485,2026-10-07T10:00:00,Google,CAMP-010,Landing Page
SES-102486,2026-10-07T10:00:00,Google,CAMP-010,Landing Page
SES-102486,2026-10-07T10:01:00,Google,CAMP-010,Product View
SES-102487,2026-10-07T10:00:00,Google,CAMP-010,Landing Page
SES-102488,2026-10-07T10:00:00,Google,CAMP-010,Landing Page
SES-102489,2026-10-07T10:00:00,Google,CAMP-010,Landing Page
SES-102490,2026-10-07T10:00:00,Google,CAMP-010,Landing Page
SES-102490,2026-10-07T10:01:00,Google,CAMP-010,Product View
SES-102491,2026-10-07T10:00:00,Google,CAMP-010,Landing Page
SES-102492,2026-10-07T10:00:00,Google,CAMP-010,Landing Page
SES-102492,2026-10-07T10:01:00,Google,CAMP-010,Product View
SES-102493,2026-10-07T10:00:00,Google,CAMP-010,Landing Page
SES-102494,2026-10-07T10:00:00,Google,CAMP-010,Landing Page
SES-102494,2026-10-07T10:01:00,Google,CAMP-010,Product View
SES-102495,2026-10-07T10:00:00,Google,CAMP-010,Landing Page
SES-102495,2026-10-07T10:01:00,Google,CAMP-010,Product View
SES-102496,2026-10-07T10:00:00,Google,CAMP-010,Landing Page
SES-102497,2026-10-07T10:00:00,Google,CAMP-010,Landing Page
SES-102498,2026-10-07T10:00:00,Google,CAMP-010,Landing Page
SES-102499,2026-10-07T10:00:00,Google,CAMP-010,Landing Page
